Algorithm,World,Trial,Total_Time,Path_Length,Deviation_From_Straight,Avg_Velocity,Path_Efficiency,Navigation_Metric,Collision,Recovery_Count,My_Recovery_Count,Avg_Computation_Time,Path_Smoothness,Min_Clearance,Max_Path_Deviation,Control_Effort,Path_Curvature,Avg_Jerk,Path_Overlap
applr,0,1,12.67,8.91,0.892,0.7,1.122,0.25,0,0,0,0.0,165.199,-1,1.053,3078.635,39965005.171,384208162.311,163
applr,1,1,6.96,5.94,0.789,0.85,1.267,0.25,0,0,0,0.0,114.196,-1,1.101,2507.86,136610053.938,180009868.389,92
applr,2,1,15.18,7.73,0.916,0.51,1.092,0.2328,0,0,0,0.0,279.032,-1,0.465,2320.814,64025902.768,238740172.15,340
applr,3,1,5.33,4.17,0.754,0.78,1.326,0.0,0,0,0,0.0,157.987,-1,0.877,2462.831,10062427.445,159964134.85,88
applr,4,1,108.5,24.37,2.437,0.22,0.41,0.0,0,0,6,0.0,4279.682,-1,3.178,1882.537,7935150195.417,206596792.422,3461
applr,5,1,8.55,6.0,0.847,0.7,1.18,0.0,0,0,0,0.0,39.844,-1,1.638,1340.467,23412681.788,132397313.256,121
applr,6,1,11.93,7.97,0.797,0.67,1.254,0.0,1,0,0,0.0,205.043,-1,0.951,1727.346,2845682.547,80954226.183,158
applr,7,1,11.37,5.49,0.906,0.48,1.104,0.25,0,0,0,0.0,99.913,-1,1.261,1197.409,8907280.666,41781088.667,203
applr,8,1,4.58,1.25,0.197,0.27,5.067,0.0,1,0,0,0.0,53.773,-1,0.276,758.963,69779.977,28684086.043,81
applr,9,1,9.57,7.28,0.949,0.76,1.054,0.0,0,0,0,0.0,30.105,-1,2.255,762.279,5783271.187,22276246.576,77
applr,10,1,11.08,8.36,0.837,0.75,1.195,0.25,0,0,0,0.0,1.816,-1,1.136,360.185,30662.855,8080851.202,40
applr,11,1,11.92,6.35,0.906,0.53,1.104,0.0,0,0,0,0.0,226.508,-1,0.632,1459.277,19424405.867,84508809.62,174
applr,12,1,17.94,9.53,0.953,0.53,1.049,0.25,0,0,0,0.0,163.484,-1,1.457,1140.352,29224397.002,31211785.651,207
applr,13,1,38.95,12.38,1.484,0.32,0.674,0.0,0,0,1,0.0,977.39,-1,2.862,690.688,48209791928.153,18095979.186,772
applr,14,1,55.41,16.24,1.624,0.29,0.616,0.1382,0,0,3,0.0,1233.699,-1,3.183,984.016,106720383.317,30022321.406,1326
applr,15,1,12.37,7.94,1.1,0.64,0.909,0.0,0,0,0,0.0,25.009,-1,2.731,379.273,97679.846,6336632.785,80
applr,16,1,71.91,23.48,2.348,0.33,0.426,0.0,1,0,6,0.0,1491.682,-1,2.93,876.308,832013609.475,22364433.108,1245
applr,17,1,22.88,4.35,0.484,0.19,2.067,0.0,1,0,0,0.0,452.66,-1,0.549,680.951,720341034.112,14576507.754,648
applr,19,1,16.65,5.98,0.833,0.36,1.2,0.25,0,0,0,0.0,106.812,-1,1.54,606.724,1206891.107,13600875.474,271
applr,20,1,3.05,3.15,0.614,1.03,1.628,0.25,0,0,0,0.0,0.094,-1,0.074,508.236,488.113,8873088.344,4
applr,21,1,75.74,9.82,1.222,0.13,0.818,0.0,1,0,1,0.0,356.968,-1,2.153,355.044,88581343.987,7683075.246,2340
applr,22,1,4.93,2.17,0.228,0.44,4.379,0.0,1,0,0,0.0,53.017,-1,1.239,801.477,27757233.466,18960140.482,28
applr,23,1,38.01,21.36,2.672,0.56,0.374,0.0,0,0,0,0.0,92.117,-1,9.525,335.349,4687395.597,6544819.318,346
applr,24,1,39.0,16.24,1.624,0.42,0.616,0.0,0,0,1,0.0,558.084,-1,5.156,535.404,44662530.543,12496105.401,576
applr,25,1,6.42,8.04,0.804,1.25,1.243,0.25,0,0,0,0.0,0.349,-1,0.346,162.999,2137343.917,3083464.106,2
applr,26,1,5.67,4.36,0.717,0.77,1.394,0.25,0,0,0,0.0,20.493,-1,0.57,969.066,9691.836,21440852.684,14
applr,27,1,4.98,3.68,0.814,0.74,1.229,0.25,0,0,0,0.0,53.125,-1,1.525,1318.171,6492271.153,32080896.492,52
applr,28,1,0.79,0.18,0.022,0.22,45.227,0.0,1,0,0,0.0,24.984,-1,0.149,1465.447,33479446.343,27915033.307,8
applr,29,1,39.61,8.08,0.957,0.2,1.045,0.0,1,0,2,0.0,770.327,-1,6.03,446.04,489125838.399,8582769.04,916
applr,30,1,54.17,18.27,1.872,0.34,0.534,0.0,1,0,4,0.0,893.278,-1,3.86,439.268,866402801.679,9340649.866,850
applr,31,1,8.66,7.83,0.831,0.9,1.203,0.25,0,0,0,0.0,27.324,-1,0.993,756.568,536822335.071,14779143.881,30
applr,32,1,21.53,8.16,1.015,0.38,0.986,0.0,0,0,0,0.0,396.357,-1,1.442,765.771,3810761682.075,17203839.608,341
applr,33,1,32.96,5.03,0.503,0.15,1.99,0.0,1,0,3,0.0,737.457,-1,1.311,482.351,489230825.651,11162462.88,785
applr,34,1,31.08,10.73,1.187,0.35,0.843,0.0,0,0,1,0.0,328.843,-1,2.617,656.263,168756752.969,12794555.467,481
applr,35,1,38.78,26.01,2.601,0.67,0.384,0.0,0,0,0,0.0,89.769,-1,7.999,245.709,126903637.249,3847511.761,189
applr,36,1,60.59,29.42,2.942,0.49,0.34,0.0,0,0,0,0.0,596.981,-1,7.952,533.103,60275587.386,9936533.916,980
applr,37,1,40.23,27.05,2.705,0.67,0.37,0.0,0,0,1,0.0,294.361,-1,7.604,528.161,48453770.158,9949128.18,323
applr,38,1,102.23,20.76,2.076,0.2,0.482,0.0,1,0,7,0.0,1282.789,-1,2.535,397.004,1253296921.766,7688649.633,2051
applr,39,1,4.74,1.08,0.125,0.23,8.031,0.0,1,0,0,0.0,45.965,-1,0.667,581.175,900416.164,13219379.033,76
applr,40,1,1.79,1.41,0.417,0.79,2.396,0.0,0,0,0,0.0,12.797,-1,0.181,783.987,125168.822,19002860.203,3
applr,41,1,137.06,27.49,2.749,0.2,0.364,0.0,1,0,4,0.0,2248.872,-1,4.537,453.19,187534910.464,9132120.973,3811
applr,42,1,15.85,4.13,0.449,0.26,2.229,0.0,1,0,0,0.0,89.433,-1,2.339,297.437,779682.291,5259661.762,205
applr,43,1,12.6,6.96,0.829,0.55,1.207,0.0,0,0,0,0.0,65.904,-1,0.797,540.637,46542.389,9558995.572,74
applr,44,1,57.12,32.26,3.226,0.56,0.31,0.0,0,0,1,0.0,513.23,-1,8.422,639.559,807400635.044,12696017.51,538
applr,45,1,17.91,9.08,0.908,0.51,1.101,0.0,0,0,0,0.0,338.425,-1,0.912,640.82,92957646.385,13459951.163,230
applr,46,1,9.68,8.29,0.829,0.86,1.206,0.0,0,0,0,0.0,1.385,-1,1.08,430.945,429140.946,7268785.9,17
applr,47,1,31.32,12.07,1.207,0.39,0.829,0.2029,0,0,0,0.0,791.317,-1,0.66,1079.859,343902232.169,23915913.332,664
applr,48,1,2.68,0.2,0.025,0.08,39.992,0.0,1,0,0,0.0,82.01,-1,0.058,453.258,950196305.585,9596321.225,74
applr,49,1,9.56,5.72,0.749,0.6,1.336,0.0,0,0,0,0.0,7.626,-1,0.296,86.317,2079939.757,1626314.853,25
applr,50,1,11.96,8.44,0.844,0.71,1.185,0.25,0,0,0,0.0,20.67,-1,1.019,502.499,994296.495,8696197.115,40
applr,51,1,38.27,15.45,1.879,0.4,0.532,0.0,1,0,0,0.0,279.621,-1,3.68,616.031,12599688.217,10955967.111,441
applr,52,1,11.56,7.96,0.903,0.69,1.108,0.0,0,0,0,0.0,47.872,-1,1.73,476.839,175917.744,9810748.347,73
applr,53,1,8.24,4.32,0.432,0.52,2.312,0.0,1,0,0,0.0,15.303,-1,1.253,351.38,348454.668,6418370.064,32
applr,54,1,68.73,40.29,4.361,0.59,0.229,0.0,0,0,0,0.0,91.614,-1,5.716,337.823,13620247.498,5885843.161,347
applr,55,1,114.65,23.82,2.382,0.21,0.42,0.0,1,0,0,0.0,747.937,-1,5.787,533.612,237554215.412,10311354.022,3130
applr,56,1,21.49,10.08,1.095,0.47,0.913,0.0,0,0,1,0.0,635.326,-1,2.234,628.834,137072744.674,13441600.651,373
applr,57,1,12.74,9.64,0.964,0.76,1.037,0.0,0,0,0,0.0,219.967,-1,1.296,698.734,5524820.746,14817637.467,152
applr,58,1,75.7,15.59,1.559,0.21,0.641,0.0,1,0,3,0.0,1115.76,-1,4.753,393.083,321182856.095,7907407.297,1569
applr,59,1,23.82,8.84,0.974,0.37,1.027,0.1778,0,0,2,0.0,541.667,-1,0.9,516.903,71214190.313,10873498.32,418
applr,60,1,49.32,25.96,3.235,0.53,0.309,0.0,0,0,1,0.0,233.125,-1,8.058,416.968,19169885.621,7927576.767,590
applr,61,1,6.45,8.08,0.808,1.25,1.238,0.0,0,0,0,0.0,0.502,-1,0.545,498.34,12819.596,9495875.358,5
applr,62,1,140.85,40.91,4.091,0.29,0.244,0.0,1,0,5,0.0,1220.891,-1,3.157,356.365,1095163254.451,7217394.569,2356
applr,63,1,33.66,6.14,0.748,0.18,1.336,0.0,1,0,1,0.0,333.274,-1,2.275,271.787,33234948.374,5355321.752,786
applr,64,1,11.59,6.79,0.781,0.59,1.28,0.0,0,0,0,0.0,11.22,-1,0.27,466.532,109382.756,9567086.463,47
applr,65,1,16.12,9.77,0.977,0.61,1.024,0.0,0,0,0,0.0,62.605,-1,2.553,631.418,756171.703,13040419.886,98
applr,66,1,14.73,5.31,0.531,0.36,1.883,0.0,1,0,0,0.0,21.202,-1,1.445,197.117,876294.017,2993831.294,144
applr,67,1,25.65,11.19,1.28,0.44,0.781,0.0,0,0,2,0.0,594.284,-1,3.361,396.362,337133502.215,7153849.03,439
applr,68,1,10.78,8.24,0.824,0.76,1.214,0.25,0,0,0,0.0,66.596,-1,0.477,650.835,2622740.908,13784990.832,60
applr,69,1,108.42,28.79,3.547,0.27,0.282,0.0,0,0,20,0.0,1158.009,-1,7.5,299.358,695123476.471,5431861.284,2033
applr,70,1,28.23,10.79,1.079,0.38,0.927,0.25,0,0,1,0.0,146.337,-1,1.886,486.304,7108275.511,9781336.727,389
applr,71,1,17.03,8.22,0.998,0.48,1.002,0.217,0,0,0,0.0,207.349,-1,0.707,1050.358,17964994.775,22512523.494,247
applr,73,1,65.68,30.1,3.081,0.46,0.325,0.0,0,0,2,0.0,253.246,-1,6.743,372.679,37093999.754,8207309.417,545
applr,74,1,18.74,3.82,0.382,0.2,2.615,0.0,1,0,0,0.0,188.765,-1,1.524,331.809,10275302.453,5605286.287,349
applr,75,1,11.35,7.32,0.812,0.64,1.232,0.25,0,0,0,0.0,17.725,-1,0.743,563.176,51525.885,10443565.692,55
applr,76,1,22.29,7.76,0.945,0.35,1.058,0.0,1,0,0,0.0,241.449,-1,1.313,896.214,27806501.019,18438101.797,346
applr,77,1,10.3,6.44,0.855,0.63,1.17,0.0,0,0,0,0.0,82.544,-1,1.55,808.686,28800290.796,15751406.787,83
applr,78,1,113.54,35.72,3.572,0.31,0.28,0.0,0,0,5,0.0,1502.789,-1,7.152,403.909,188276265.473,7941023.574,1816
applr,79,1,34.44,16.05,1.605,0.47,0.623,0.0,1,0,0,0.0,43.641,-1,2.329,469.58,513139.255,8617374.64,383
applr,80,1,23.23,8.2,0.957,0.35,1.045,0.2054,0,0,0,0.0,376.597,-1,0.611,747.92,2052622994.942,16331318.149,330
applr,81,1,36.56,12.68,1.493,0.35,0.67,0.0,1,0,1,0.0,168.652,-1,4.357,390.478,87169906.563,7432197.145,398
applr,82,1,37.53,8.97,0.918,0.24,1.089,0.0,1,0,1,0.0,381.959,-1,4.915,344.574,47637052.375,6334847.928,674
applr,83,1,14.82,7.53,0.868,0.51,1.152,0.25,0,0,0,0.0,31.628,-1,0.948,321.84,2285699.846,6028259.53,93
applr,84,1,58.25,9.55,1.192,0.16,0.839,0.0,1,0,0,0.0,292.092,-1,3.373,399.264,9420259.31,8078138.782,1619
applr,85,1,123.62,38.4,4.063,0.31,0.246,0.0,0,0,6,0.0,1113.432,-1,7.862,358.636,113766009.148,6763458.875,1494
applr,86,1,25.44,8.56,0.856,0.34,1.168,0.25,0,0,0,0.0,71.87,-1,0.437,450.696,2454329.784,8818950.791,274
applr,88,1,7.99,7.3,0.802,0.91,1.247,0.25,0,0,0,0.0,9.009,-1,0.518,452.869,11710.298,7289578.194,8
applr,89,1,9.57,5.61,0.81,0.59,1.235,0.0,0,0,0,0.0,131.54,-1,0.644,195.157,15191617.63,3432154.918,101
applr,90,1,24.45,9.11,0.911,0.37,1.097,0.0,0,0,1,0.0,328.596,-1,1.224,267.084,163501604.041,4587847.256,401
applr,91,1,64.48,32.76,3.276,0.51,0.305,0.0,0,0,0,0.0,145.196,-1,9.102,300.417,29275002.247,5126669.556,561
applr,92,1,44.39,12.26,1.226,0.28,0.816,0.0,1,0,1,0.0,391.871,-1,2.808,549.631,14223234.363,10797625.422,759
applr,93,1,38.65,19.79,2.307,0.51,0.434,0.0,0,0,1,0.0,241.207,-1,8.234,326.632,83767517.908,5322868.783,338
applr,94,1,9.03,9.02,0.902,1.0,1.109,0.0,0,0,0,0.0,20.511,-1,1.738,615.085,442607.467,9594999.981,12
applr,95,1,12.47,4.69,0.469,0.38,2.134,0.0,1,0,0,0.0,63.99,-1,1.381,435.85,80085930.411,6979653.252,96
applr,96,1,27.48,4.81,0.518,0.18,1.93,0.0,1,0,0,0.0,129.714,-1,1.181,359.666,520559235.278,7524803.717,498
applr,97,1,7.83,7.01,0.811,0.9,1.234,0.0,0,0,0,0.0,4.428,-1,0.998,208.806,7169.826,2521117.175,4
applr,98,1,68.19,27.85,2.785,0.41,0.359,0.0,0,0,2,0.0,445.909,-1,7.332,465.08,281769797.411,10027016.234,559
applr,99,1,50.26,25.25,2.525,0.5,0.396,0.0,0,0,1,0.0,282.526,-1,7.668,428.676,13131527.818,7573924.193,414
applr,100,1,14.96,5.29,0.529,0.35,1.89,0.0,1,0,0,0.0,32.223,-1,1.272,194.565,496877.484,3062549.247,139
applr,101,1,8.11,7.8,0.865,0.96,1.156,0.0,0,0,0,0.0,10.884,-1,1.688,560.085,220537922.427,11259734.673,3
applr,102,1,150.0,26.45,2.645,0.18,0.378,0.0,0,0,8,0.0,2095.689,-1,4.802,398.923,497420547.903,7424976.44,3868
applr,103,1,36.67,20.26,1.971,0.55,0.507,0.0,0,0,0,0.0,7.306,-1,7.048,283.259,1603.887,4860316.607,139
applr,104,1,25.52,9.01,0.901,0.35,1.11,0.25,0,0,1,0.0,409.807,-1,0.766,729.4,55646328.738,13236278.959,342
applr,105,1,106.33,40.83,4.724,0.38,0.212,0.0,0,0,0,0.0,367.774,-1,6.069,353.769,31184129.079,6196385.759,1306
applr,106,1,17.39,5.44,0.544,0.31,1.838,0.0,1,0,0,0.0,57.438,-1,1.303,576.577,14725010.939,11716094.785,157
applr,108,1,14.98,10.18,0.999,0.68,1.001,0.0,0,0,0,0.0,62.079,-1,1.63,440.352,2722321.065,7812470.263,50
applr,109,1,64.98,33.28,3.328,0.51,0.301,0.0,0,0,0,0.0,187.093,-1,8.671,503.484,14038043.647,9303103.452,504
applr,110,1,40.64,28.06,2.806,0.69,0.356,0.0,0,0,0,0.0,78.012,-1,8.731,572.02,815910.931,9491585.929,86
applr,111,1,55.87,24.34,2.434,0.44,0.411,0.0,1,0,0,0.0,250.913,-1,3.907,540.315,30240599.746,10912325.443,309
applr,112,1,42.97,12.8,1.457,0.3,0.686,0.1429,0,0,0,0.0,315.385,-1,1.735,686.063,54532453.133,14216564.737,803
applr,113,1,30.01,7.48,1.02,0.25,0.98,0.0,0,0,1,0.0,520.305,-1,0.908,718.179,242471491.975,16894506.038,583
applr,114,1,93.01,19.33,1.933,0.21,0.517,0.0,1,0,8,0.0,2099.785,-1,3.336,261.984,4192812819.013,4784895.568,1967
applr,115,1,41.83,22.43,2.555,0.54,0.391,0.0,0,0,1,0.0,140.962,-1,7.899,323.768,6849453.288,6449108.909,172
applr,116,1,10.96,9.17,0.917,0.84,1.091,0.0,0,0,0,0.0,8.118,-1,2.174,445.686,4926212.396,9479541.242,16
applr,117,1,109.58,31.91,3.191,0.29,0.313,0.0,1,0,10,0.0,1806.997,-1,2.692,469.649,383141680.317,8872117.711,1704
applr,118,1,31.41,8.38,0.863,0.27,1.158,0.0,1,0,0,0.0,146.573,-1,1.694,467.84,1825392.404,9157172.418,567
applr,119,1,36.42,5.81,0.62,0.16,1.613,0.0,1,0,6,0.0,713.275,-1,1.726,332.366,114132996.663,6191292.319,634
applr,120,1,43.07,20.89,2.04,0.49,0.49,0.0,0,0,0,0.0,88.051,-1,7.785,284.809,1396364.345,5688723.447,279
applr,121,1,150.01,23.55,2.355,0.16,0.425,0.125,0,0,20,0.0,2905.615,-1,5.528,324.786,3041370925.956,5995151.558,3212
applr,125,1,145.39,28.44,2.954,0.2,0.338,0.0,0,0,21,0.0,2535.347,-1,5.514,372.884,14688933828.618,7166699.877,2914
applr,126,1,82.34,29.77,3.032,0.36,0.33,0.0,0,0,0,0.0,227.889,-1,8.21,356.21,16907420.917,6909309.491,864
applr,127,1,16.72,5.53,0.553,0.33,1.807,0.0,1,0,0,0.0,39.396,-1,1.466,508.281,88334.457,10181129.956,192
applr,128,1,15.87,6.96,0.891,0.44,1.123,0.0,0,0,1,0.0,387.21,-1,1.421,677.224,18600189.884,14228441.628,215
applr,129,1,30.01,10.01,1.001,0.33,0.999,0.0,0,0,1,0.0,499.097,-1,1.169,403.258,505902115.486,7600775.0,459
applr,130,1,81.4,38.74,3.874,0.48,0.258,0.0,0,0,1,0.0,424.278,-1,7.436,374.051,18333723.668,6253845.37,1047
applr,131,1,18.3,8.56,0.856,0.47,1.168,0.25,0,0,0,0.0,28.395,-1,1.004,416.276,296458.893,7323418.564,97
applr,134,1,30.7,10.66,1.168,0.35,0.856,0.0,1,0,0,0.0,196.656,-1,2.534,509.438,4539178.32,10693036.855,252
applr,135,1,9.33,6.56,0.833,0.7,1.2,0.25,0,0,0,0.0,42.224,-1,0.98,869.497,15474663.25,16006111.738,39
applr,136,1,80.8,24.95,3.066,0.31,0.326,0.0,0,0,2,0.0,503.468,-1,7.494,324.307,164831193.894,6475014.507,1290
applr,137,1,8.86,2.91,0.291,0.33,3.439,0.0,1,0,0,0.0,17.804,-1,1.5,318.507,6128837.806,6637886.719,73
applr,138,1,57.62,12.25,1.566,0.21,0.638,0.0,0,0,2,0.0,1276.21,-1,2.443,503.992,4893673206.833,10732588.042,1343
applr,139,1,57.59,29.62,2.962,0.51,0.338,0.0,0,0,2,0.0,424.744,-1,7.597,620.01,5080701.312,13325385.242,380
applr,140,1,108.55,35.08,3.508,0.32,0.285,0.0,0,0,11,0.0,694.717,-1,8.514,379.492,613324140.858,7594903.689,1678
applr,141,1,94.43,25.0,2.5,0.26,0.4,0.0,1,0,2,0.0,1233.554,-1,3.77,516.479,22150223456.709,10080039.163,1734
applr,143,1,76.69,32.22,3.09,0.42,0.324,0.0,1,0,1,0.0,745.336,-1,4.524,440.666,702991176.493,7963777.641,760
applr,144,1,66.01,26.43,2.352,0.4,0.425,0.0,0,0,0,0.0,485.706,-1,7.112,321.449,1116179883.238,6607561.948,862
applr,145,1,48.68,15.83,1.583,0.33,0.632,0.0,1,0,1,0.0,573.624,-1,2.426,525.89,355017038.847,10127656.364,696
applr,146,1,23.65,13.68,1.432,0.58,0.698,0.0,1,0,0,0.0,37.695,-1,3.473,571.995,13278630.655,10080326.932,93
applr,147,1,59.36,27.73,2.692,0.47,0.372,0.0,0,0,3,0.0,354.415,-1,5.02,379.706,57679679.49,7203280.684,541
applr,148,1,92.3,23.6,2.36,0.26,0.424,0.0,1,0,5,0.0,1482.409,-1,3.155,504.786,4664966239.562,9663548.971,1900
applr,150,1,23.86,6.07,0.776,0.25,1.289,0.0,1,0,0,0.0,184.772,-1,1.008,617.735,7687709.057,11754622.766,325
applr,151,1,48.16,26.85,2.924,0.56,0.342,0.0,0,0,1,0.0,221.748,-1,7.872,313.811,198018048.142,5798828.091,368
applr,152,1,55.98,27.77,2.777,0.5,0.36,0.0,0,0,1,0.0,218.476,-1,8.64,386.977,160783405.731,7232993.529,343
applr,153,1,18.08,8.71,0.871,0.48,1.148,0.0,0,0,0,0.0,21.47,-1,0.413,729.217,1466940.282,13842272.178,87
applr,154,1,95.39,14.76,1.476,0.15,0.677,0.0,1,0,0,0.0,337.98,-1,2.215,379.727,325980616.033,7257723.369,2461
applr,155,1,28.44,8.44,0.87,0.3,1.15,0.0,1,0,0,0.0,84.45,-1,2.742,279.802,4723660.94,5018342.833,383
applr,157,1,29.31,2.22,0.285,0.08,3.507,0.0,1,0,3,0.0,846.181,-1,0.236,216.557,1462367343.283,3826951.825,856
applr,158,1,73.82,27.58,2.822,0.37,0.354,0.0,0,0,5,0.0,1109.277,-1,7.301,481.801,152772145.278,9517788.394,954
applr,159,1,60.11,28.57,2.857,0.48,0.35,0.0,0,0,0,0.0,454.459,-1,8.044,433.962,29431490.189,7530951.876,663
applr,160,1,112.05,31.01,3.101,0.28,0.322,0.0,0,0,6,0.0,988.96,-1,6.768,422.688,6179775071.844,8938439.401,1798
applr,161,1,9.24,8.05,0.805,0.87,1.242,0.0,0,0,0,0.0,43.229,-1,0.134,526.535,1473974.067,10051763.217,33
applr,162,1,37.16,15.37,1.537,0.41,0.651,0.0,1,0,1,0.0,569.679,-1,2.335,700.409,115079931.396,14095709.754,368
applr,164,1,9.38,2.72,0.292,0.29,3.429,0.0,1,0,0,0.0,15.383,-1,1.177,209.553,1011363174.65,2908643.681,75
applr,165,1,14.89,6.82,0.796,0.46,1.256,0.25,0,0,0,0.0,99.076,-1,0.692,166.862,12590769.851,3773941.12,131
applr,166,1,79.09,29.85,3.523,0.38,0.284,0.0,0,0,1,0.0,811.929,-1,6.016,386.641,2327905578.289,7280065.73,1037
applr,167,1,15.95,3.68,0.368,0.23,2.717,0.0,1,0,1,0.0,148.153,-1,0.344,250.762,11015414.117,4489816.848,233
applr,168,1,43.68,24.22,2.569,0.55,0.389,0.0,0,0,0,0.0,253.626,-1,7.667,513.971,6780395.9,10453591.513,238
applr,169,1,15.3,9.65,0.965,0.63,1.036,0.0,0,0,0,0.0,16.444,-1,2.43,600.223,686554.088,11603930.014,66
applr,170,1,8.46,4.57,0.457,0.54,2.188,0.0,1,0,0,0.0,12.947,-1,1.339,426.466,87141.521,8541775.209,13
applr,173,1,21.19,5.38,0.57,0.25,1.755,0.0,1,0,0,0.0,77.029,-1,1.562,354.413,7754.689,7265426.119,245
applr,175,1,88.97,25.34,2.338,0.28,0.428,0.0,1,0,2,0.0,1073.149,-1,2.961,457.806,606389092.309,8747869.544,1224
applr,176,1,42.97,14.21,1.523,0.33,0.657,0.0,1,0,2,0.0,471.082,-1,4.259,457.102,1735917039.138,8814595.365,551
applr,177,1,25.89,2.89,0.343,0.11,2.918,0.0,1,0,1,0.0,560.687,-1,0.254,329.089,10819432733.438,6670658.36,657
applr,178,1,64.11,14.87,1.57,0.23,0.637,0.0,1,0,2,0.0,479.038,-1,3.079,256.575,232244593.404,5619443.576,1164
applr,179,1,72.77,30.97,3.278,0.43,0.305,0.0,0,0,3,0.0,367.099,-1,6.692,243.22,30886242269.721,4435656.513,687
applr,180,1,78.11,23.65,2.365,0.3,0.423,0.0,1,0,2,0.0,643.661,-1,6.15,468.079,80833879.868,9376064.344,1099
applr,181,1,12.17,2.92,0.326,0.24,3.07,0.0,1,0,0,0.0,16.411,-1,1.063,277.507,420210.934,5914526.838,142
applr,182,1,54.23,11.87,1.226,0.22,0.815,0.0,1,0,6,0.0,873.272,-1,2.29,436.544,1100566036.757,8510823.262,1063
applr,183,1,108.35,40.73,4.114,0.38,0.243,0.0,0,0,8,0.0,1033.626,-1,5.785,429.712,757110970.487,8799233.844,1369
applr,184,1,26.4,9.61,0.961,0.36,1.041,0.25,0,0,0,0.0,354.404,-1,1.166,652.774,210703751.42,14878767.74,326
applr,185,1,2.6,0.22,0.027,0.09,36.921,0.0,1,0,1,0.0,68.903,-1,0.028,929.802,26896620.667,21586119.065,68
applr,186,1,21.12,4.19,0.522,0.2,1.914,0.0,1,0,1,0.0,200.925,-1,1.168,315.318,38792151.185,5798531.153,382
applr,188,1,26.38,4.6,0.493,0.17,2.027,0.0,1,0,1,0.0,240.236,-1,2.322,488.401,6938929.988,12802605.395,442
applr,189,1,72.72,18.63,1.778,0.26,0.563,0.0,1,0,8,0.0,1302.576,-1,4.004,265.33,29835301865.22,5390636.2,1245
applr,190,1,32.0,8.47,0.992,0.26,1.008,0.0,1,0,0,0.0,171.54,-1,3.116,241.541,135598573.007,4602685.585,440
applr,191,1,30.65,9.81,1.077,0.32,0.928,0.1583,0,0,1,0.0,489.428,-1,2.1,568.344,80846472.307,12630332.921,555
applr,192,1,77.31,13.28,1.578,0.17,0.634,0.0,1,0,2,0.0,437.476,-1,3.898,476.605,71244440.43,10430265.306,1586
applr,193,1,9.97,2.93,0.311,0.29,3.216,0.0,1,0,0,0.0,59.561,-1,0.892,449.016,135233729.615,9050093.457,89
applr,194,1,24.7,6.58,0.683,0.27,1.465,0.0,1,0,1,0.0,274.286,-1,2.163,474.354,31791443.626,9309677.925,312
applr,196,1,108.65,35.39,3.451,0.33,0.29,0.0,0,0,6,0.0,1398.039,-1,6.668,388.004,511215372.144,8556150.438,1508
applr,197,1,27.93,6.24,0.624,0.22,1.604,0.0,1,0,0,0.0,183.975,-1,1.675,293.495,18508965.627,5363832.953,546
applr,198,1,72.2,32.22,3.124,0.45,0.32,0.0,0,0,0,0.0,547.537,-1,7.027,733.279,22012907.561,14078446.435,1019
applr,199,1,38.75,11.64,1.165,0.3,0.859,0.2142,0,0,1,0.0,869.937,-1,1.389,689.648,302332872.614,13673495.362,744
applr,200,1,110.99,17.55,2.138,0.16,0.468,0.0,1,0,12,0.0,1272.44,-1,5.016,287.418,604911277.017,5580153.111,2244
applr,201,1,68.49,25.15,3.085,0.37,0.324,0.0,0,0,2,0.0,736.097,-1,8.057,601.981,48549614.763,11283905.969,1254
applr,202,1,118.81,38.53,3.853,0.32,0.26,0.0,0,0,7,0.0,1393.045,-1,7.726,484.117,660573968.454,10112326.407,1804
applr,204,1,17.45,7.52,0.752,0.43,1.33,0.0,1,0,0,0.0,40.324,-1,2.47,783.461,1168750.555,20792625.05,107
applr,205,1,12.36,5.93,0.8,0.48,1.25,0.25,0,0,0,0.0,11.044,-1,1.004,375.348,285207.888,7598449.811,47
applr,206,1,4.36,0.24,0.029,0.06,33.911,0.0,1,0,1,0.0,87.599,-1,0.152,89.068,18790898.122,1908980.072,104
applr,207,1,29.0,5.87,0.592,0.2,1.689,0.0,1,0,0,0.0,176.719,-1,0.918,410.072,6899265.01,7873945.612,557
applr,208,1,28.63,6.06,0.648,0.21,1.543,0.0,1,0,0,0.0,188.67,-1,2.394,497.437,30886054.403,10526182.538,462
applr,210,1,15.73,3.55,0.386,0.23,2.593,0.0,1,0,0,0.0,21.592,-1,2.144,230.448,101659.355,4787447.283,221
applr,211,1,86.68,32.3,3.377,0.37,0.296,0.0,0,0,4,0.0,529.793,-1,8.291,316.921,38658044323.55,6262588.443,1065
applr,212,1,59.42,30.13,3.013,0.51,0.332,0.0,0,0,1,0.0,231.412,-1,8.6,460.956,13863876.258,8846460.896,522
applr,213,1,100.98,44.08,4.408,0.44,0.227,0.0,0,0,6,0.0,839.065,-1,8.803,406.068,329275860.793,7926162.389,1254
applr,214,1,55.6,25.0,2.5,0.45,0.4,0.0,1,0,0,0.0,370.189,-1,3.526,540.408,121016355.497,10879709.476,649
applr,215,1,14.22,6.28,0.894,0.44,1.118,0.25,0,0,0,0.0,69.344,-1,0.65,890.901,196476.242,18585952.727,134
applr,217,1,49.42,27.29,2.987,0.55,0.335,0.0,0,0,0,0.0,315.335,-1,7.524,599.4,20360130.472,11812163.898,318
applr,218,1,23.75,10.16,1.016,0.43,0.985,0.25,0,0,0,0.0,289.386,-1,0.522,734.974,17066548.008,14452810.698,348
applr,219,1,64.46,7.95,0.885,0.12,1.129,0.0,1,0,9,0.0,680.753,-1,2.097,328.508,243996593.404,6633687.173,1770
applr,220,1,42.26,19.96,2.129,0.47,0.47,0.0,0,0,0,0.0,210.398,-1,8.335,305.272,10743507.885,6392365.53,451
applr,221,1,21.92,7.03,0.703,0.32,1.422,0.0,1,0,0,0.0,336.97,-1,1.838,480.246,9091189.228,8648215.229,358
applr,222,1,38.09,6.66,0.707,0.17,1.415,0.0,1,0,4,0.0,902.803,-1,2.096,682.835,271161437.464,15250738.088,687
applr,223,1,53.04,24.15,2.572,0.46,0.389,0.0,0,0,0,0.0,335.263,-1,5.447,533.461,517493142.766,11785589.803,457
applr,224,1,17.73,6.2,0.62,0.35,1.614,0.0,1,0,0,0.0,38.728,-1,1.902,443.002,1139025.597,9815643.246,143
applr,226,1,55.63,31.8,3.175,0.57,0.315,0.0,0,0,1,0.0,747.278,-1,6.601,515.338,491532221.65,9860101.75,592
applr,227,1,16.21,5.41,0.541,0.33,1.849,0.0,1,0,0,0.0,100.995,-1,1.587,670.22,2092723.012,13812903.452,156
applr,228,1,11.88,2.71,0.342,0.23,2.927,0.0,1,0,1,0.0,191.045,-1,1.658,338.084,16093652.412,6552047.005,210
applr,229,1,70.48,36.09,4.095,0.51,0.244,0.0,0,0,1,0.0,326.199,-1,7.211,337.528,3797969.422,6381810.987,492
applr,230,1,61.85,33.55,3.355,0.54,0.298,0.0,0,0,0,0.0,205.761,-1,7.798,372.18,11912215.932,7526019.818,273
applr,231,1,19.57,9.94,0.994,0.51,1.006,0.25,0,0,0,0.0,149.311,-1,2.001,502.367,892624.308,9555145.049,126
applr,232,1,106.44,32.41,3.533,0.3,0.283,0.0,1,0,2,0.0,756.348,-1,4.045,363.726,682600448.337,7398730.247,1549
applr,234,1,88.93,26.45,2.846,0.3,0.351,0.0,0,0,4,0.0,1125.244,-1,7.577,325.295,937526683.121,6218295.05,1432
applr,235,1,23.29,9.16,0.916,0.39,1.092,0.0,1,0,0,0.0,119.618,-1,2.427,651.049,748573.319,11752021.427,240
applr,236,1,18.37,7.96,0.849,0.43,1.177,0.0,0,0,0,0.0,96.27,-1,1.147,519.807,213331299.407,11371195.937,211
applr,237,1,115.09,43.71,4.371,0.38,0.229,0.0,0,0,3,0.0,951.329,-1,8.001,472.492,194146874.341,9114015.807,1676
applr,238,1,82.79,12.19,1.219,0.15,0.82,0.0,1,0,5,0.0,2019.254,-1,1.699,561.401,2505118110.981,11304988.977,1968
applr,240,1,44.84,6.92,0.738,0.15,1.354,0.0,1,0,5,0.0,936.958,-1,2.388,384.224,1097494727.569,7243442.734,1115
applr,241,1,74.07,16.41,1.733,0.22,0.577,0.0,1,0,9,0.0,1658.484,-1,4.125,274.301,3308919180.188,5098737.901,1330
applr,242,1,17.03,2.6,0.315,0.15,3.176,0.0,1,0,0,0.0,105.83,-1,0.952,184.159,35054951.792,3771747.433,346
applr,243,1,41.02,7.19,0.785,0.18,1.274,0.0,1,0,2,0.0,426.059,-1,2.682,377.629,790885001.347,8280490.98,752
applr,244,1,49.34,23.77,2.866,0.48,0.349,0.0,0,0,3,0.0,357.839,-1,9.252,399.311,52596953.519,7808169.293,494
applr,245,1,64.05,15.06,1.506,0.24,0.664,0.125,0,0,5,0.0,1359.813,-1,1.354,578.983,1073658716.793,11228240.705,1303
applr,246,1,105.5,36.4,4.091,0.34,0.244,0.0,0,0,5,0.0,1640.782,-1,5.879,603.114,432427130.941,11511563.52,1762
applr,247,1,59.71,29.36,2.936,0.49,0.341,0.0,0,0,1,0.0,455.729,-1,7.93,542.244,72602823.967,10536067.883,578
applr,248,1,13.2,5.28,0.528,0.4,1.895,0.0,1,0,0,0.0,30.756,-1,1.408,479.451,569895.108,9413018.968,103
applr,250,1,150.01,30.82,3.008,0.21,0.332,0.0,0,0,6,0.0,1025.756,-1,4.155,379.313,1073255624.793,7832488.244,2661
applr,251,1,19.42,5.7,0.57,0.29,1.754,0.0,1,0,0,0.0,105.696,-1,1.564,466.37,1913249.106,9888706.522,279
applr,252,1,88.61,33.59,3.725,0.38,0.268,0.0,0,0,5,0.0,963.824,-1,6.236,415.314,25664931281.715,7340965.807,1280
applr,253,1,132.82,36.58,3.658,0.28,0.273,0.0,0,0,10,0.0,1201.868,-1,7.899,436.778,20559325239.379,9331297.662,2139
applr,254,1,78.06,23.2,2.32,0.3,0.431,0.0,1,0,1,0.0,647.716,-1,3.15,562.781,609360465.326,10487076.11,1247
applr,255,1,68.75,28.24,3.021,0.41,0.331,0.0,0,0,4,0.0,828.578,-1,5.097,529.355,58810984936.953,11385069.729,871
applr,256,1,15.68,5.21,0.521,0.33,1.921,0.0,1,0,0,0.0,69.637,-1,1.398,509.016,13329250.068,9410244.222,145
applr,257,1,37.45,6.68,0.695,0.18,1.439,0.0,1,0,2,0.0,493.428,-1,1.364,324.955,190902032.594,5772344.075,901
applr,258,1,71.17,31.44,3.408,0.44,0.293,0.0,0,0,1,0.0,605.013,-1,8.506,453.43,296930460.25,8959092.441,814
applr,259,1,99.95,50.8,5.08,0.51,0.197,0.0,0,0,1,0.0,800.74,-1,9.265,496.584,392960993.016,8847173.142,807
applr,260,1,73.56,34.52,3.452,0.47,0.29,0.0,0,0,1,0.0,333.581,-1,7.985,364.342,26230047.379,7208318.451,682
applr,261,1,16.75,5.04,0.504,0.3,1.984,0.0,1,0,0,0.0,56.229,-1,1.323,247.014,290072139.296,5171130.479,189
applr,262,1,79.29,31.1,3.375,0.39,0.296,0.0,0,0,1,0.0,605.721,-1,5.446,430.908,37350091.719,8860118.252,764
applr,263,1,24.34,6.76,0.676,0.28,1.478,0.0,1,0,0,0.0,86.569,-1,1.493,385.622,35724305.493,7572539.874,341
applr,264,1,60.21,11.27,1.237,0.19,0.808,0.0,1,0,0,0.0,372.028,-1,2.755,344.355,36471807.896,6532987.627,1384
applr,265,1,51.71,25.36,2.752,0.49,0.363,0.0,0,0,0,0.0,153.199,-1,8.807,455.079,10457873.299,9942716.295,388
applr,266,1,18.67,5.8,0.58,0.31,1.724,0.0,1,0,0,0.0,99.597,-1,1.576,502.785,1143751.191,11537993.396,187
applr,267,1,83.57,20.04,2.571,0.24,0.389,0.0,0,0,6,0.0,766.429,-1,5.506,412.888,809213374.295,8707873.098,1471
applr,268,1,68.96,26.8,2.68,0.39,0.373,0.0,0,0,3,0.0,450.676,-1,8.197,496.647,44562484.398,10314865.136,750
applr,269,1,124.31,32.67,3.267,0.26,0.306,0.0,1,0,10,0.0,1427.05,-1,6.469,355.083,123135032524.312,7003098.818,1899
applr,270,1,92.2,44.98,4.746,0.49,0.211,0.0,0,0,7,0.0,1127.036,-1,6.106,375.84,521223008.238,7002545.214,1062
applr,271,1,66.11,20.73,2.073,0.31,0.482,0.0,1,0,5,0.0,848.352,-1,3.235,337.959,329356677.403,6321395.636,826
applr,272,1,29.21,6.51,0.691,0.22,1.447,0.0,1,0,0,0.0,106.421,-1,1.839,359.737,1387414.332,7299584.992,381
applr,273,1,146.98,45.72,4.87,0.31,0.205,0.0,0,0,7,0.0,1333.138,-1,9.535,348.276,899954925.26,6268474.07,1822
applr,274,1,23.92,7.76,0.79,0.32,1.266,0.0,1,0,0,0.0,441.385,-1,2.845,443.64,575478642.907,7799000.393,320
applr,275,1,69.04,14.2,1.505,0.21,0.664,0.0,1,0,4,0.0,1004.81,-1,2.778,414.561,74037176.465,8120037.115,1401
applr,276,1,41.33,10.23,1.081,0.25,0.925,0.0,1,0,0,0.0,188.341,-1,4.258,344.972,5620783.97,7444948.891,575
applr,277,1,89.02,28.58,3.437,0.32,0.291,0.0,0,0,1,0.0,688.889,-1,8.373,344.793,209564377.207,6210982.38,1668
applr,278,1,66.13,29.18,2.918,0.44,0.343,0.0,0,0,0,0.0,156.883,-1,8.575,303.22,1360433231.884,5813945.86,499
applr,280,1,14.42,5.46,0.546,0.38,1.832,0.0,1,0,0,0.0,110.493,-1,1.455,400.582,40103368.412,6660032.996,124
applr,281,1,112.24,38.2,4.111,0.34,0.243,0.0,0,0,5,0.0,1118.72,-1,5.641,300.996,2104908249.628,5479273.4,1755
applr,282,1,30.14,6.4,0.64,0.21,1.563,0.0,1,0,0,0.0,168.473,-1,2.467,466.928,14612370.584,9417976.149,525
applr,283,1,145.37,24.2,2.83,0.17,0.353,0.0,1,0,18,0.0,2263.638,-1,3.754,353.722,15666687442.564,6442431.428,2914
applr,284,1,110.4,38.57,3.707,0.35,0.27,0.0,0,0,3,0.0,1516.444,-1,8.201,544.384,6961921701.712,9893994.689,1549
applr,285,1,114.09,44.05,4.405,0.39,0.227,0.0,1,0,0,0.0,588.164,-1,2.664,449.617,87559156.542,8622856.926,994
applr,287,1,18.4,4.88,0.488,0.27,2.049,0.0,1,0,0,0.0,33.335,-1,1.46,370.62,782571.664,6759919.468,175
applr,288,1,20.46,4.93,0.639,0.24,1.565,0.0,1,0,0,0.0,340.125,-1,0.427,603.422,11065844.469,12167832.549,412
applr,289,1,115.21,12.91,1.889,0.11,0.529,0.0,1,0,17,0.0,3333.091,-1,1.221,460.198,60115714966.097,9528474.859,3353
applr,290,1,26.89,7.53,0.995,0.28,1.005,0.1923,0,0,3,0.0,337.466,-1,1.339,307.065,110930826.952,5727540.676,408
applr,292,1,44.07,11.46,1.233,0.26,0.811,0.1593,0,0,1,0.0,203.885,-1,2.556,273.372,11259159.477,4966068.916,617
applr,293,1,77.05,31.77,3.81,0.41,0.262,0.0,0,0,2,0.0,429.613,-1,6.419,344.787,155505979.664,6909443.645,578
applr,294,1,22.28,5.84,0.584,0.26,1.713,0.0,1,0,0,0.0,74.451,-1,1.389,172.696,1789280.352,2162502.57,311
applr,295,1,24.34,8.11,0.942,0.33,1.062,0.0,0,0,0,0.0,163.609,-1,0.807,558.74,12852772.071,11259799.738,313
applr,296,1,150.01,30.42,3.042,0.2,0.329,0.0,1,0,10,0.0,1582.447,-1,2.907,414.811,1395134263.649,8350775.559,2890
applr,297,1,150.02,39.82,3.894,0.27,0.257,0.0,0,0,14,0.0,1619.155,-1,4.751,263.554,778148111.213,4901319.613,2142
applr,298,1,150.01,21.36,2.219,0.14,0.451,0.0,0,0,18,0.0,1720.757,-1,3.127,285.149,15498249784.477,5484641.545,2920
applr,299,1,12.06,2.96,0.315,0.25,3.177,0.0,1,0,1,0.0,180.812,-1,0.802,357.999,12111499.207,6109696.533,152
