0.45,0.0,0.0,36.78,0,0,0,
0.45,0.0,0.0,36.56,0,0,0,
0.45,0.0,0.0,70.08,0,0,0,
0.45,0.0,0.0,36.81,0,0,0,
0.45,0.0,0.0,36.88,0,0,0,
0.47,0.0,0.0,70.08,0,0,0,
0.47,0.0,0.0,36.78,0,0,0,
0.47,0.0,0.0,36.56,0,0,0,
0.47,0.0,0.0,36.88,0,0,0,
0.47,0.0,0.0,36.81,0,0,0,
0.49,0.0,0.0,36.81,0,0,0,
0.49,0.0,0.0,70.08,0,0,0,
0.49,0.0,0.0,36.78,0,0,0,
0.49,0.0,0.0,36.56,0,0,0,
0.49,0.0,0.0,36.88,0,0,0,
0.51,-0.0,0.0,36.78,0,0,0,
0.51,-0.0,0.0,36.56,0,0,0,
0.51,-0.0,0.0,36.88,0,0,0,
0.51,-0.0,0.0,36.81,0,0,0,
0.51,-0.0,0.0,70.08,0,0,0,
0.53,-0.0,-0.0,36.81,0,0,0,
0.53,-0.0,-0.0,36.57,0,0,0,
0.53,-0.0,-0.0,70.08,0,0,0,
0.53,-0.0,-0.0,36.88,0,0,0,
0.53,-0.0,-0.0,36.78,0,0,0,
0.55,-0.0,-0.0,70.08,0,0,0,
0.55,-0.0,-0.0,36.57,0,0,0,
0.55,-0.0,-0.0,36.78,0,0,0,
0.55,-0.0,-0.0,36.88,0,0,0,
0.55,-0.0,-0.0,36.81,0,0,0,
0.57,-0.0,-0.0,36.78,0,0,0,
0.57,-0.0,-0.0,36.81,0,0,0,
0.57,-0.0,-0.0,70.08,0,0,0,
0.57,-0.0,-0.0,36.57,0,0,0,
0.57,-0.0,-0.0,36.88,0,0,0,
0.59,-0.0,-0.0,36.57,0,0,0,
0.59,-0.0,-0.0,36.81,0,0,0,
0.59,-0.0,-0.0,70.08,0,0,0,
0.59,-0.0,-0.0,36.78,0,0,0,
0.59,-0.0,-0.0,36.88,0,0,0,
0.61,-0.0,-0.0,70.08,0,0,0,
0.61,-0.0,-0.0,36.57,0,0,0,
0.61,-0.0,-0.0,36.78,0,0,0,
0.61,-0.0,-0.0,36.88,0,0,0,
0.61,-0.0,-0.0,36.81,0,0,0,
0.63,-0.0,-0.0,70.08,0,0,0,
0.63,-0.0,-0.0,36.57,0,0,0,
0.63,-0.0,-0.0,36.88,0,0,0,
0.63,-0.0,-0.0,36.78,0,0,0,
0.63,-0.0,-0.0,36.81,0,0,0,
0.67,-0.0,0.0,36.57,0,0,0,
0.67,0.0,0.0,36.57,0,0,0,
0.67,-0.0,0.0,70.09,0,0,0,
0.67,0.0,0.0,70.09,0,0,0,
0.67,-0.0,0.0,36.81,0,0,0,
0.67,0.0,0.0,36.81,0,0,0,
0.67,-0.0,0.0,36.88,0,0,0,
0.67,0.0,0.0,36.88,0,0,0,
0.67,-0.0,0.0,36.79,0,0,0,
0.67,0.0,0.0,36.79,0,0,0,
0.71,0.0,0.0,36.57,0,0,0,
0.71,0.0,0.0,70.09,0,0,0,
0.71,0.0,0.0,70.09,0,0,0,
0.71,0.0,0.0,36.81,0,0,0,
0.71,0.0,0.0,36.81,0,0,0,
0.71,0.0,0.0,36.57,0,0,0,
0.71,0.0,0.0,36.79,0,0,0,
0.71,0.0,0.0,36.79,0,0,0,
0.71,0.0,0.0,36.88,0,0,0,
0.71,0.0,0.0,36.88,0,0,0,
0.76,0.0,0.0,70.09,0,0,0,
0.76,0.0,0.0,70.09,0,0,0,
0.76,0.0,0.0,36.57,0,0,0,
0.76,0.0,0.0,36.57,0,0,0,
0.76,0.0,0.0,36.79,0,0,0,
0.76,0.0,0.0,36.79,0,0,0,
0.75,0.0,0.0,36.81,0,0,0,
0.75,0.0,0.0,36.81,0,0,0,
0.76,0.0,0.0,36.88,0,0,0,
0.76,0.0,0.0,36.88,0,0,0,
0.8,0.0,0.0,70.09,0,0,0,
0.8,0.0,0.0,70.09,0,0,0,
0.8,0.0,0.0,36.81,0,0,0,
0.8,0.0,0.0,36.81,0,0,0,
0.8,0.0,0.0,36.79,0,0,0,
0.8,0.0,0.0,36.79,0,0,0,
0.8,0.0,0.0,36.57,0,0,0,
0.8,0.0,0.0,36.57,0,0,0,
0.8,0.0,0.0,36.88,0,0,0,
0.8,0.0,0.0,36.88,0,0,0,
0.84,0.0,0.0,70.09,0,0,0,
0.84,0.0,0.0,70.09,0,0,0,
0.84,0.0,0.0,36.79,0,0,0,
0.84,0.0,0.0,36.79,0,0,0,
0.84,0.0,0.0,36.81,0,0,0,
0.84,0.0,0.0,36.81,0,0,0,
0.85,0.0,0.0,36.57,0,0,0,
0.85,0.0,0.0,36.57,0,0,0,
0.85,0.0,0.0,36.88,0,0,0,
0.85,0.0,0.0,36.88,0,0,0,
0.85,0.0,0.0,36.88,0,0,0,
0.89,0.0,0.0,70.09,0,0,0,
0.89,0.0,0.0,36.79,0,0,0,
0.89,0.0,0.0,70.09,0,0,0,
0.89,0.0,0.0,36.79,0,0,0,
0.89,0.0,0.0,70.09,0,0,0,
0.89,0.0,0.0,36.79,0,0,0,
0.89,0.0,0.0,36.81,0,0,0,
0.89,0.0,0.0,36.81,0,0,0,
0.9,0.0,0.0,36.81,0,0,0,
0.9,0.0,0.0,36.57,0,0,0,
0.9,0.0,0.0,36.57,0,0,0,
0.9,0.0,0.0,36.57,0,0,0,
0.9,0.0,0.0,36.88,0,0,0,
0.9,0.0,0.0,36.88,0,0,0,
0.91,0.0,0.0,36.88,0,0,0,
0.93,0.0,0.0,36.88,0,0,0,
0.94,0.0,0.0,36.79,0,0,0,
0.94,0.0,0.0,36.57,0,0,0,
0.94,0.0,0.0,36.79,0,0,0,
0.94,0.0,0.0,36.57,0,0,0,
0.94,0.0,0.0,70.09,0,0,0,
0.94,0.0,0.0,70.09,0,0,0,
0.94,0.0,0.0,36.81,0,0,0,
0.95,0.0,0.0,36.57,0,0,0,
0.95,0.0,0.0,70.09,0,0,0,
0.95,0.0,0.0,36.79,0,0,0,
0.95,0.0,0.0,36.81,0,0,0,
0.97,0.0,0.0,70.09,0,0,0,
0.96,0.0,0.0,36.79,0,0,0,
0.97,0.0,0.0,36.81,0,0,0,
0.97,0.0,0.0,36.57,0,0,0,
0.97,0.0,0.0,36.88,0,0,0,
0.97,0.0,0.0,36.88,0,0,0,
1.01,0.0,0.0,36.57,0,0,0,
1.01,0.0,0.0,36.79,0,0,0,
1.01,0.0,0.0,36.81,0,0,0,
1.01,0.0,0.0,36.57,0,0,0,
1.01,0.0,0.0,36.79,0,0,0,
1.01,0.0,0.0,36.81,0,0,0,
1.01,0.0,0.0,70.09,0,0,0,
1.01,0.0,0.0,36.88,0,0,0,
1.01,0.0,0.0,36.88,0,0,0,
1.05,0.0,0.0,70.09,0,0,0,
1.05,0.0,0.0,70.09,0,0,0,
1.05,0.0,0.0,36.81,0,0,0,
1.05,0.0,0.0,36.81,0,0,0,
1.05,0.0,0.0,36.79,0,0,0,
1.05,0.0,0.0,36.79,0,0,0,
1.05,0.0,0.0,36.57,0,0,0,
1.05,0.0,0.0,36.57,0,0,0,
1.06,0.0,0.0,36.88,0,0,0,
1.06,0.0,0.0,36.88,0,0,0,
1.1,0.0,0.0,36.57,0,0,0,
1.1,0.0,0.0,36.81,0,0,0,
1.1,0.0,0.0,70.09,0,0,0,
1.1,0.0,0.0,36.57,0,0,0,
1.1,0.0,0.0,36.81,0,0,0,
1.1,0.0,0.0,70.09,0,0,0,
1.1,0.0,0.0,36.79,0,0,0,
1.1,0.0,0.0,36.79,0,0,0,
1.1,0.0,0.0,36.88,0,0,0,
1.1,0.0,0.0,36.88,0,0,0,
1.14,0.0,0.0,70.09,0,0,0,
1.14,0.0,0.0,70.09,0,0,0,
1.14,0.0,0.0,36.57,0,0,0,
1.14,0.0,0.0,36.79,0,0,0,
1.14,0.0,0.0,36.57,0,0,0,
1.14,0.0,0.0,36.79,0,0,0,
1.14,0.0,0.0,36.81,0,0,0,
1.14,0.0,0.0,36.81,0,0,0,
1.14,0.0,0.0,36.88,0,0,0,
1.14,0.0,0.0,36.88,0,0,0,
1.18,0.0,0.0,70.09,0,0,0,
1.18,0.0,0.0,70.09,0,0,0,
1.18,0.0,0.0,36.79,0,0,0,
1.18,0.0,0.0,36.79,0,0,0,
1.18,0.0,0.0,36.57,0,0,0,
1.18,0.0,0.0,36.57,0,0,0,
1.18,0.0,0.0,36.81,0,0,0,
1.18,0.0,0.0,36.81,0,0,0,
1.19,0.0,0.0,36.88,0,0,0,
1.19,0.0,0.0,36.88,0,0,0,
1.19,0.0,0.0,36.88,0,0,0,
1.23,0.0,0.0,70.09,0,0,0,
1.23,0.0,0.0,36.57,0,0,0,
1.23,0.0,0.0,70.09,0,0,0,
1.23,0.0,0.0,36.81,0,0,0,
1.23,0.0,0.0,36.57,0,0,0,
1.23,0.0,0.0,70.09,0,0,0,
1.23,0.0,0.0,36.81,0,0,0,
1.23,0.0,0.0,36.57,0,0,0,
1.23,0.0,0.0,36.81,0,0,0,
1.23,0.0,0.0,36.79,0,0,0,
1.23,0.0,0.0,36.79,0,0,0,
1.23,0.0,0.0,36.79,0,0,0,
1.24,0.0,0.0,36.88,0,0,0,
1.24,0.0,0.0,36.88,0,0,0,
1.25,0.0,0.0,36.88,0,0,0,
1.27,0.0,0.0,36.88,0,0,0,
1.27,0.0,0.0,36.81,0,0,0,
1.27,0.0,0.0,36.81,0,0,0,
1.27,0.0,0.0,70.09,0,0,0,
1.27,0.0,0.0,70.09,0,0,0,
1.27,0.0,0.0,36.57,0,0,0,
1.27,0.0,0.0,36.79,0,0,0,
1.27,0.0,0.0,36.57,0,0,0,
1.27,0.0,0.0,36.79,0,0,0,
1.29,0.0,0.0,70.09,0,0,0,
1.29,0.0,0.0,36.81,0,0,0,
1.29,0.0,0.0,36.57,0,0,0,
1.29,0.0,0.0,36.79,0,0,0,
1.31,0.0,0.0,70.09,0,0,0,
1.31,0.0,0.0,36.57,0,0,0,
1.31,0.0,0.0,36.79,0,0,0,
1.31,0.0,0.0,36.81,0,0,0,
1.31,0.0,0.0,36.88,0,0,0,
1.31,0.0,0.0,36.88,0,0,0,
1.35,0.0,0.0,36.79,0,0,0,
1.35,0.0,0.0,36.79,0,0,0,
1.35,0.0,0.0,36.88,0,0,0,
1.35,0.0,0.0,36.88,0,0,0,
1.35,0.0,0.0,36.81,0,0,0,
1.35,0.0,0.0,36.81,0,0,0,
1.35,0.0,0.0,36.57,0,0,0,
1.35,0.0,0.0,36.57,0,0,0,
1.35,0.0,0.0,70.09,0,0,0,
1.35,0.0,0.0,70.09,0,0,0,
1.4,0.0,0.0,70.09,0,0,0,
1.4,0.0,0.0,70.09,0,0,0,
1.4,0.0,0.0,36.81,0,0,0,
1.4,0.0,0.0,36.81,0,0,0,
1.4,0.0,0.0,36.79,0,0,0,
1.4,0.0,0.0,36.79,0,0,0,
1.4,0.0,0.0,36.88,0,0,0,
1.4,0.0,0.0,36.57,0,0,0,
1.4,0.0,0.0,36.57,0,0,0,
1.44,0.0,0.0,70.09,0,0,0,
1.44,0.0,0.0,36.57,0,0,0,
1.44,0.0,0.0,36.88,0,0,0,
1.44,0.0,0.0,70.09,0,0,0,
1.44,0.0,0.0,36.57,0,0,0,
1.44,0.0,0.0,36.88,0,0,0,
1.44,0.0,0.0,36.81,0,0,0,
1.44,0.0,0.0,36.81,0,0,0,
1.45,0.0,0.0,36.79,0,0,0,
1.45,0.0,0.0,36.79,0,0,0,
1.49,0.0,0.0,36.88,0,0,0,
1.49,0.0,0.0,36.88,0,0,0,
1.49,0.0,0.0,36.88,0,0,0,
1.49,0.0,0.0,70.09,0,0,0,
1.49,0.0,0.0,36.79,0,0,0,
1.49,0.0,0.0,70.09,0,0,0,
1.49,0.0,0.0,36.79,0,0,0,
1.49,0.0,0.0,70.09,0,0,0,
1.49,0.0,0.0,36.79,0,0,0,
1.49,0.0,0.0,36.57,0,0,0,
1.49,0.0,0.0,36.57,0,0,0,
1.49,0.0,0.0,36.57,0,0,0,
1.49,0.0,0.0,36.81,0,0,0,
1.49,0.0,0.0,36.81,0,0,0,
1.49,0.0,0.0,36.81,0,0,0,
1.53,0.0,0.0,36.88,0,0,0,
1.53,0.0,0.0,36.88,0,0,0,
1.54,0.0,0.0,36.79,0,0,0,
1.54,0.0,0.0,70.09,0,0,0,
1.54,0.0,0.0,36.79,0,0,0,
1.54,0.0,0.0,70.09,0,0,0,
1.54,0.0,0.0,36.57,0,0,0,
1.54,0.0,0.0,36.57,0,0,0,
1.54,0.0,0.0,36.81,0,0,0,
1.54,0.0,0.0,36.81,0,0,0,
1.55,0.0,0.0,70.09,0,0,0,
1.55,0.0,0.0,36.81,0,0,0,
1.55,0.0,0.0,36.88,0,0,0,
1.55,0.0,0.0,36.79,0,0,0,
1.55,0.0,0.0,36.57,0,0,0,
1.57,0.0,0.0,36.79,0,0,0,
1.57,0.0,0.0,70.09,0,0,0,
1.57,0.0,0.0,36.57,0,0,0,
1.57,0.0,0.0,36.88,0,0,0,
1.57,0.0,0.0,36.81,0,0,0,
1.61,0.0,0.0,70.09,0,0,0,
1.61,0.0,0.0,70.09,0,0,0,
1.61,0.0,0.0,36.79,0,0,0,
1.61,0.0,0.0,36.88,0,0,0,
1.61,0.0,0.0,36.57,0,0,0,
1.61,0.0,0.0,36.81,0,0,0,
1.61,0.0,0.0,36.81,0,0,0,
1.65,0.0,0.0,70.09,0,0,0,
1.65,0.0,0.0,70.09,0,0,0,
1.65,0.0,0.0,36.57,0,0,0,
1.65,0.0,0.0,36.57,0,0,0,
1.65,0.0,0.0,36.79,0,0,0,
1.65,0.0,0.0,36.79,0,0,0,
1.65,0.0,0.0,36.88,0,0,0,
1.65,0.0,0.0,36.88,0,0,0,
1.66,0.0,0.0,36.81,0,0,0,
1.66,0.0,0.0,36.81,0,0,0,
1.69,0.0,0.0,70.09,0,0,0,
1.69,0.0,0.0,36.79,0,0,0,
1.69,0.0,0.0,70.09,0,0,0,
1.7,0.0,0.0,36.88,0,0,0,
1.7,0.0,0.0,36.88,0,0,0,
1.69,0.0,0.0,36.79,0,0,0,
1.7,0.0,0.0,36.88,0,0,0,
1.7,0.0,0.0,36.79,0,0,0,
1.7,0.0,0.0,36.57,0,0,0,
1.7,0.0,0.0,36.57,0,0,0,
1.7,0.0,0.0,36.57,0,0,0,
1.71,0.0,0.0,36.81,0,0,0,
1.71,0.0,0.0,36.81,0,0,0,
1.74,0.0,0.0,36.57,0,0,0,
1.74,0.0,0.0,36.57,0,0,0,
1.74,0.0,0.0,70.09,0,0,0,
1.74,0.0,0.0,70.09,0,0,0,
1.74,0.0,0.0,36.79,0,0,0,
1.74,0.0,0.0,36.79,0,0,0,
1.74,0.0,0.0,36.88,0,0,0,
1.74,0.0,0.0,36.88,0,0,0,
1.75,0.0,0.0,36.88,0,0,0,
1.75,0.0,0.0,36.57,0,0,0,
1.75,0.0,0.0,36.81,0,0,0,
1.75,0.0,0.0,36.81,0,0,0,
1.77,0.0,0.0,36.88,0,0,0,
1.77,0.0,0.0,36.79,0,0,0,
1.77,0.0,0.0,36.57,0,0,0,
1.79,0.0,0.0,70.09,0,0,0,
1.79,0.0,0.0,70.09,0,0,0,
1.79,0.0,0.0,70.09,0,0,0,
1.79,0.0,0.0,36.81,0,0,0,
1.79,0.0,0.0,36.81,0,0,0,
1.79,0.0,0.0,36.81,0,0,0,
1.81,0.0,0.0,36.88,0,0,0,
1.81,0.0,0.0,36.79,0,0,0,
1.83,0.0,0.0,70.09,0,0,0,
1.83,0.0,0.0,70.09,0,0,0,
1.83,0.0,0.0,36.81,0,0,0,
1.83,0.0,0.0,36.81,0,0,0,
1.85,0.0,0.0,70.09,0,0,0,
1.85,0.0,0.0,36.81,0,0,0,
1.85,0.0,0.0,36.79,0,0,0,
1.85,0.0,0.0,36.79,0,0,0,
1.84,0.0,0.0,36.88,0,0,0,
1.85,0.0,0.0,36.79,0,0,0,
1.84,0.0,0.0,36.88,0,0,0,
1.85,0.0,0.0,36.57,0,0,0,
1.84,0.0,0.0,36.88,0,0,0,
1.85,0.0,0.0,36.57,0,0,0,
1.85,0.0,0.0,36.57,0,0,0,
1.87,0.0,0.0,70.09,0,0,0,
1.87,0.0,0.0,36.81,0,0,0,
1.9,0.0,0.0,36.88,0,0,0,
1.9,0.0,0.0,36.88,0,0,0,
1.9,0.0,0.0,36.57,0,0,0,
1.9,0.0,0.0,36.57,0,0,0,
1.9,0.0,0.0,36.79,0,0,0,
1.9,0.0,0.0,36.79,0,0,0,
1.91,0.0,0.0,36.57,0,0,0,
1.91,0.0,0.0,36.79,0,0,0,
1.91,0.0,0.0,36.88,0,0,0,
1.91,0.0,0.0,36.81,0,0,0,
1.91,0.0,0.0,70.09,0,0,0,
1.91,0.0,0.0,36.81,0,0,0,
1.91,0.0,0.0,70.09,0,0,0,
1.93,0.0,0.0,36.79,0,0,0,
1.93,0.0,0.0,36.57,0,0,0,
1.93,0.0,0.0,36.88,0,0,0,
1.95,0.0,0.0,70.09,0,0,0,
1.95,0.0,0.0,70.09,0,0,0,
1.96,0.0,0.0,36.81,0,0,0,
1.96,0.0,0.0,36.81,0,0,0,
1.97,0.0,0.0,36.57,0,0,0,
1.97,0.0,0.0,36.57,0,0,0,
1.97,0.0,0.0,36.88,0,0,0,
1.97,0.0,0.0,36.88,0,0,0,
1.97,0.0,0.0,36.79,0,0,0,
1.97,0.0,0.0,36.79,0,0,0,
2.0,0.0,0.0,70.09,0,0,0,
2.0,0.0,0.0,70.09,0,0,0,
2.0,0.0,0.0,36.81,0,0,0,
2.0,0.0,0.0,36.81,0,0,0,
2.01,0.0,0.0,36.88,0,0,0,
2.01,0.0,0.0,36.79,0,0,0,
2.01,0.0,0.0,36.57,0,0,0,
2.01,0.0,0.0,36.88,0,0,0,
2.01,0.0,0.0,36.79,0,0,0,
2.01,0.0,0.0,36.57,0,0,0,
2.05,0.0,0.0,70.09,0,0,0,
2.05,0.0,0.0,70.09,0,0,0,
2.05,0.0,0.0,36.81,0,0,0,
2.05,0.0,0.0,36.81,0,0,0,
2.06,0.0,0.0,36.88,0,0,0,
2.06,0.0,0.0,36.88,0,0,0,
2.06,0.0,0.0,36.57,0,0,0,
2.06,0.0,0.0,36.57,0,0,0,
2.06,0.0,0.0,36.79,0,0,0,
2.06,0.0,0.0,36.79,0,0,0,
2.09,0.0,0.0,36.81,0,0,0,
2.09,0.0,0.0,36.81,0,0,0,
2.1,0.0,0.0,36.81,0,0,0,
2.1,0.0,0.0,70.09,0,0,0,
2.1,0.0,0.0,70.09,0,0,0,
2.1,0.0,0.0,70.09,0,0,0,
2.11,0.0,0.0,36.79,0,0,0,
2.11,0.0,0.0,36.88,0,0,0,
2.11,0.0,0.0,36.79,0,0,0,
2.11,0.0,0.0,36.88,0,0,0,
2.11,0.0,0.0,36.79,0,0,0,
2.11,0.0,0.0,36.88,0,0,0,
2.11,0.0,0.0,36.57,0,0,0,
2.11,0.0,0.0,36.57,0,0,0,
2.11,0.0,0.0,36.57,0,0,0,
2.14,0.0,0.0,70.09,0,0,0,
2.14,0.0,0.0,70.09,0,0,0,
2.14,0.0,0.0,36.81,0,0,0,
2.14,0.0,0.0,36.81,0,0,0,
2.15,0.0,0.0,70.09,0,0,0,
2.15,0.0,0.0,36.81,0,0,0,
2.15,0.0,0.0,36.79,0,0,0,
2.15,0.0,0.0,36.57,0,0,0,
2.15,0.0,0.0,36.79,0,0,0,
2.15,0.0,0.0,36.57,0,0,0,
2.15,0.0,0.0,36.88,0,0,0,
2.15,0.0,0.0,36.88,0,0,0,
2.17,0.0,0.0,36.88,0,0,0,
2.17,0.0,0.0,36.81,0,0,0,
2.17,0.0,0.0,36.57,0,0,0,
2.17,0.0,0.0,36.79,0,0,0,
2.17,0.0,0.0,70.09,0,0,0,
2.19,0.0,0.0,36.57,0,0,0,
2.19,0.0,0.0,36.88,0,0,0,
2.19,0.0,0.0,36.79,0,0,0,
2.21,0.0,0.0,36.81,0,0,0,
2.21,0.0,0.0,70.09,0,0,0,
2.21,0.0,0.0,36.81,0,0,0,
2.21,0.0,0.0,70.09,0,0,0,
2.23,0.0,0.0,36.57,0,0,0,
2.23,0.0,0.0,36.57,0,0,0,
2.23,0.0,0.0,36.88,0,0,0,
2.23,0.0,0.0,36.88,0,0,0,
2.23,0.0,0.0,36.79,0,0,0,
2.23,0.0,0.0,36.79,0,0,0,
2.26,0.0,0.0,70.09,0,0,0,
2.26,0.0,0.0,70.09,0,0,0,
2.26,0.0,0.0,36.81,0,0,0,
2.26,0.0,0.0,36.81,0,0,0,
2.27,0.0,0.0,36.79,0,0,0,
2.27,0.0,0.0,36.88,0,0,0,
2.27,0.0,0.0,36.79,0,0,0,
2.27,0.0,0.0,36.88,0,0,0,
2.27,0.0,0.0,36.57,0,0,0,
2.27,0.0,0.0,36.57,0,0,0,
2.3,0.0,0.0,70.09,0,0,0,
2.3,0.0,0.0,70.09,0,0,0,
2.3,0.0,0.0,36.81,0,0,0,
2.3,0.0,0.0,36.81,0,0,0,
2.32,0.0,0.0,36.79,0,0,0,
2.32,0.0,0.0,36.79,0,0,0,
2.32,0.0,0.0,36.57,0,0,0,
2.32,0.0,0.0,36.57,0,0,0,
2.32,0.0,0.0,36.88,0,0,0,
2.32,0.0,0.0,36.88,0,0,0,
2.34,0.0,0.0,70.09,0,0,0,
2.34,0.0,0.0,70.09,0,0,0,
2.34,0.0,0.0,36.81,0,0,0,
2.34,0.0,0.0,36.81,0,0,0,
2.37,0.0,0.0,36.79,0,0,0,
2.37,0.0,0.0,36.79,0,0,0,
2.37,0.0,0.0,36.57,0,0,0,
2.37,0.0,0.0,36.57,0,0,0,
2.37,0.0,0.0,36.88,0,0,0,
2.37,0.0,0.0,36.88,0,0,0,
2.39,0.0,0.0,70.09,0,0,0,
2.39,0.0,0.0,70.09,0,0,0,
2.39,0.0,0.0,70.09,0,0,0,
2.39,0.0,0.0,36.81,0,0,0,
2.39,0.0,0.0,36.81,0,0,0,
2.39,0.0,0.0,36.81,0,0,0,
2.41,0.0,0.0,36.88,0,0,0,
2.41,0.0,0.0,36.88,0,0,0,
2.41,0.0,0.0,36.88,0,0,0,
2.41,0.0,0.0,36.57,0,0,0,
2.41,0.0,0.0,36.57,0,0,0,
2.41,0.0,0.0,36.57,0,0,0,
2.41,0.0,0.0,36.79,0,0,0,
2.41,0.0,0.0,36.79,0,0,0,
2.41,0.0,0.0,36.79,0,0,0,
2.44,0.0,0.0,70.09,0,0,0,
2.44,0.0,0.0,70.09,0,0,0,
2.44,0.0,0.0,36.81,0,0,0,
2.45,0.0,0.0,70.09,0,0,0,
2.45,0.0,0.0,36.81,0,0,0,
2.46,0.0,0.0,36.88,0,0,0,
2.46,0.0,0.0,36.79,0,0,0,
2.46,0.0,0.0,36.88,0,0,0,
2.46,0.0,0.0,36.79,0,0,0,
2.46,0.0,0.0,36.57,0,0,0,
2.46,0.0,0.0,36.57,0,0,0,
2.47,0.0,0.0,70.09,0,0,0,
2.47,0.0,0.0,36.79,0,0,0,
2.47,0.0,0.0,36.88,0,0,0,
2.47,0.0,0.0,36.81,0,0,0,
2.47,0.0,0.0,36.57,0,0,0,
2.49,0.0,0.0,36.79,0,0,0,
2.49,0.0,0.0,36.57,0,0,0,
2.49,0.0,0.0,36.88,0,0,0,
2.51,0.0,0.0,70.09,0,0,0,
2.51,0.0,0.0,36.81,0,0,0,
2.51,0.0,0.0,36.81,0,0,0,
2.53,0.0,0.0,36.79,0,0,0,
2.53,0.0,0.0,36.79,0,0,0,
2.53,0.0,0.0,36.57,0,0,0,
2.53,0.0,0.0,36.57,0,0,0,
2.53,0.0,0.0,36.88,0,0,0,
2.53,0.0,0.0,36.88,0,0,0,
2.55,0.0,0.0,70.09,0,0,0,
2.55,0.0,0.0,70.09,0,0,0,
2.55,0.0,0.0,36.81,0,0,0,
2.55,0.0,0.0,36.81,0,0,0,
2.57,0.0,0.0,36.79,0,0,0,
2.57,0.0,0.0,36.79,0,0,0,
2.57,0.0,0.0,36.57,0,0,0,
2.57,0.0,0.0,36.57,0,0,0,
2.57,0.0,0.0,36.88,0,0,0,
2.57,0.0,0.0,36.88,0,0,0,
2.6,0.0,0.0,70.09,0,0,0,
2.6,0.0,0.0,70.09,0,0,0,
2.59,0.0,0.0,36.81,0,0,0,
2.59,0.0,0.0,36.81,0,0,0,
2.62,0.0,0.0,36.88,0,0,0,
2.62,0.0,0.0,36.57,0,0,0,
2.62,0.0,0.0,36.79,0,0,0,
2.62,0.0,0.0,36.57,0,0,0,
2.62,0.0,0.0,36.79,0,0,0,
2.62,0.0,0.0,36.88,0,0,0,
2.64,0.0,0.0,70.09,0,0,0,
2.64,0.0,0.0,70.09,0,0,0,
2.64,0.0,0.0,36.81,0,0,0,
2.64,0.0,0.0,36.81,0,0,0,
2.66,0.0,0.0,36.88,0,0,0,
2.66,0.0,0.0,36.88,0,0,0,
2.66,0.0,0.0,36.79,0,0,0,
2.66,0.0,0.0,36.79,0,0,0,
2.66,0.0,0.0,36.57,0,0,0,
2.66,0.0,0.0,36.57,0,0,0,
2.69,0.0,0.0,70.09,0,0,0,
2.69,0.0,0.0,70.09,0,0,0,
2.69,0.0,0.0,36.81,0,0,0,
2.69,0.0,0.0,36.81,0,0,0,
2.7,0.0,0.0,36.57,0,0,0,
2.7,0.0,0.0,36.57,0,0,0,
2.71,0.0,0.0,36.88,0,0,0,
2.71,0.0,0.0,36.88,0,0,0,
2.7,0.0,0.0,36.79,0,0,0,
2.7,0.0,0.0,36.79,0,0,0,
2.73,0.0,0.0,70.09,0,0,0,
2.73,0.0,0.0,70.09,0,0,0,
2.73,0.0,0.0,70.09,0,0,0,
2.73,0.0,0.0,36.81,0,0,0,
2.73,0.0,0.0,36.81,0,0,0,
2.73,0.0,0.0,36.81,0,0,0,
2.75,0.0,0.0,36.79,0,0,0,
2.75,0.0,0.0,36.79,0,0,0,
2.75,0.0,0.0,36.79,0,0,0,
2.75,0.0,0.0,36.88,0,0,0,
2.75,0.0,0.0,36.57,0,0,0,
2.75,0.0,0.0,36.57,0,0,0,
2.75,0.0,0.0,36.88,0,0,0,
2.75,0.0,0.0,36.57,0,0,0,
2.75,0.0,0.0,36.88,0,0,0,
2.78,0.0,0.0,70.09,0,0,0,
2.78,0.0,0.0,70.09,0,0,0,
2.78,0.0,0.0,36.81,0,0,0,
2.78,0.0,0.0,36.81,0,0,0,
2.79,0.0,0.0,70.09,0,0,0,
2.79,0.0,0.0,36.81,0,0,0,
2.79,0.0,0.0,36.79,0,0,0,
2.79,0.0,0.0,36.79,0,0,0,
2.79,0.0,0.0,36.57,0,0,0,
2.79,0.0,0.0,36.57,0,0,0,
2.79,0.0,0.0,36.88,0,0,0,
2.79,0.0,0.0,36.88,0,0,0,
2.81,0.0,0.0,70.09,0,0,0,
2.81,0.0,0.0,36.79,0,0,0,
2.81,0.0,0.0,36.88,0,0,0,
2.81,0.0,0.0,36.81,0,0,0,
2.81,0.0,0.0,36.57,0,0,0,
2.82,0.0,0.0,36.79,0,0,0,
2.83,0.0,0.0,36.57,0,0,0,
2.83,0.0,0.0,36.88,0,0,0,
2.85,0.0,0.0,36.81,0,0,0,
2.85,0.0,0.0,70.09,0,0,0,
2.85,0.0,0.0,36.81,0,0,0,
2.85,0.0,0.0,70.09,0,0,0,
2.87,0.0,0.0,36.57,0,0,0,
2.87,0.0,0.0,36.57,0,0,0,
2.87,0.0,0.0,36.79,0,0,0,
2.87,0.0,0.0,36.88,0,0,0,
2.87,0.0,0.0,36.79,0,0,0,
2.87,0.0,0.0,36.88,0,0,0,
2.89,0.0,0.0,70.09,0,0,0,
2.89,0.0,0.0,70.09,0,0,0,
2.89,0.0,0.0,36.81,0,0,0,
2.89,0.0,0.0,36.81,0,0,0,
2.91,0.0,0.0,36.79,0,0,0,
2.91,0.0,0.0,36.57,0,0,0,
2.91,0.0,0.0,36.57,0,0,0,
2.91,0.0,0.0,36.79,0,0,0,
2.91,0.0,0.0,36.88,0,0,0,
2.93,0.0,0.0,36.81,0,0,0,
2.93,0.0,0.0,36.81,0,0,0,
2.93,0.0,0.0,70.09,0,0,0,
2.93,0.0,0.0,70.09,0,0,0,
2.94,0.0,0.0,36.57,0,0,0,
2.94,0.0,0.0,36.79,0,0,0,
2.94,0.0,0.0,36.88,0,0,0,
2.97,0.0,0.0,70.09,0,0,0,
2.97,0.0,0.0,70.09,0,0,0,
2.98,0.0,0.0,36.81,0,0,0,
2.98,0.0,0.0,36.81,0,0,0,
2.99,0.0,0.0,36.88,0,0,0,
2.99,0.0,0.0,36.79,0,0,0,
2.99,0.0,0.0,36.88,0,0,0,
2.99,0.0,0.0,36.79,0,0,0,
2.99,0.0,0.0,36.57,0,0,0,
2.99,0.0,0.0,36.57,0,0,0,
3.02,0.0,0.0,36.81,0,0,0,
3.02,0.0,0.0,36.81,0,0,0,
3.02,0.0,0.0,70.09,0,0,0,
3.02,0.0,0.0,70.09,0,0,0,
3.03,0.0,0.0,36.57,0,0,0,
3.03,0.0,0.0,36.57,0,0,0,
3.03,0.0,0.0,36.57,0,0,0,
3.03,0.0,0.0,36.79,0,0,0,
3.03,0.0,0.0,36.79,0,0,0,
3.03,0.0,0.0,36.88,0,0,0,
3.03,0.0,0.0,36.79,0,0,0,
3.03,0.0,0.0,36.88,0,0,0,
3.03,0.0,0.0,36.88,0,0,0,
3.07,0.0,0.0,36.81,0,0,0,
3.07,0.0,0.0,70.09,0,0,0,
3.07,0.0,0.0,36.81,0,0,0,
3.07,0.0,0.0,70.09,0,0,0,
3.07,0.0,0.0,36.81,0,0,0,
3.07,0.0,0.0,70.09,0,0,0,
3.08,0.0,0.0,36.88,0,0,0,
3.08,0.0,0.0,36.79,0,0,0,
3.08,0.0,0.0,36.57,0,0,0,
3.08,0.0,0.0,36.88,0,0,0,
3.08,0.0,0.0,36.79,0,0,0,
3.08,0.0,0.0,36.57,0,0,0,
3.09,0.0,0.0,36.79,0,0,0,
3.09,0.0,0.0,36.88,0,0,0,
3.09,0.0,0.0,36.57,0,0,0,
3.11,0.0,0.0,36.79,0,0,0,
3.11,0.0,0.0,36.88,0,0,0,
3.11,0.0,0.0,36.57,0,0,0,
3.12,0.0,0.0,70.09,0,0,0,
3.12,0.0,0.0,70.09,0,0,0,
3.12,0.0,0.0,36.81,0,0,0,
3.12,0.0,0.0,36.81,0,0,0,
3.13,0.0,0.0,70.09,0,0,0,
3.13,0.0,0.0,36.81,0,0,0,
3.15,0.0,0.0,70.09,0,0,0,
3.15,0.0,0.0,36.81,0,0,0,
3.15,0.0,0.0,36.79,0,0,0,
3.15,0.0,0.0,36.88,0,0,0,
3.15,0.0,0.0,36.79,0,0,0,
3.15,0.0,0.0,36.88,0,0,0,
3.15,0.0,0.0,36.57,0,0,0,
3.15,0.0,0.0,36.57,0,0,0,
3.19,0.0,0.0,36.81,0,0,0,
3.19,0.0,0.0,36.81,0,0,0,
3.19,0.0,0.0,70.09,0,0,0,
3.19,0.0,0.0,70.09,0,0,0,
3.19,0.0,0.0,36.79,0,0,0,
3.19,0.0,0.0,36.88,0,0,0,
3.19,0.0,0.0,36.79,0,0,0,
3.19,0.0,0.0,36.88,0,0,0,
3.19,0.0,0.0,36.57,0,0,0,
3.19,0.0,0.0,36.57,0,0,0,
3.23,0.0,0.0,70.09,0,0,0,
3.23,0.0,0.0,70.09,0,0,0,
3.23,0.0,0.0,36.81,0,0,0,
3.23,0.0,0.0,36.81,0,0,0,
3.24,0.0,0.0,36.79,0,0,0,
3.24,0.0,0.0,36.57,0,0,0,
3.24,0.0,0.0,36.79,0,0,0,
3.24,0.0,0.0,36.57,0,0,0,
3.24,0.0,0.0,36.88,0,0,0,
3.24,0.0,0.0,36.88,0,0,0,
3.28,0.0,0.0,70.09,0,0,0,
3.28,0.0,0.0,70.09,0,0,0,
3.28,0.0,0.0,36.81,0,0,0,
3.28,0.0,0.0,36.81,0,0,0,
3.28,0.0,0.0,36.79,0,0,0,
3.28,0.0,0.0,36.88,0,0,0,
3.28,0.0,0.0,36.88,0,0,0,
3.28,0.0,0.0,36.57,0,0,0,
3.28,0.0,0.0,36.57,0,0,0,
3.32,0.0,0.0,70.09,0,0,0,
3.32,0.0,0.0,70.09,0,0,0,
3.32,0.0,0.0,36.81,0,0,0,
3.32,0.0,0.0,36.81,0,0,0,
3.33,0.0,0.0,36.57,0,0,0,
3.33,0.0,0.0,36.79,0,0,0,
3.33,0.0,0.0,36.79,0,0,0,
3.33,0.0,0.0,36.88,0,0,0,
3.33,0.0,0.0,36.88,0,0,0,
3.37,0.0,0.0,70.09,0,0,0,
3.37,0.0,0.0,70.09,0,0,0,
3.37,0.0,0.0,70.09,0,0,0,
3.37,0.0,0.0,36.81,0,0,0,
3.37,0.0,0.0,36.81,0,0,0,
3.37,0.0,0.0,36.81,0,0,0,
3.37,0.0,0.0,36.79,0,0,0,
3.37,0.0,0.0,36.79,0,0,0,
3.37,0.0,0.0,36.79,0,0,0,
3.37,0.0,0.0,36.88,0,0,0,
3.37,0.0,0.0,36.88,0,0,0,
3.37,0.0,0.0,36.88,0,0,0,
3.37,0.0,0.0,36.57,0,0,0,
3.37,0.0,0.0,36.57,0,0,0,
3.37,0.0,0.0,36.57,0,0,0,
3.41,0.0,0.0,36.81,0,0,0,
3.41,0.0,0.0,70.09,0,0,0,
3.41,0.0,0.0,36.81,0,0,0,
3.41,0.0,0.0,70.09,0,0,0,
3.42,0.0,0.0,36.57,0,0,0,
3.42,0.0,0.0,36.79,0,0,0,
3.42,0.0,0.0,36.57,0,0,0,
3.42,0.0,0.0,36.79,0,0,0,
3.42,0.0,0.0,36.88,0,0,0,
3.42,0.0,0.0,36.88,0,0,0,
3.43,0.0,0.0,36.79,0,0,0,
3.43,0.0,0.0,70.09,0,0,0,
3.43,0.0,0.0,36.81,0,0,0,
3.43,0.0,0.0,36.88,0,0,0,
3.43,0.0,0.0,36.57,0,0,0,
3.45,0.0,0.0,70.09,0,0,0,
3.45,0.0,0.0,36.79,0,0,0,
3.45,0.0,0.0,36.81,0,0,0,
3.45,0.0,0.0,36.57,0,0,0,
3.45,0.0,0.0,36.88,0,0,0,
3.49,0.0,0.0,36.57,0,0,0,
3.49,0.0,0.0,36.88,0,0,0,
3.49,0.0,0.0,36.79,0,0,0,
3.49,0.0,0.0,36.81,0,0,0,
3.49,0.0,0.0,70.09,0,0,0,
3.53,0.0,0.0,70.09,0,0,0,
3.53,0.0,0.0,36.79,0,0,0,
3.53,0.0,0.0,36.81,0,0,0,
3.53,0.0,0.0,36.88,0,0,0,
3.53,0.0,0.0,36.79,0,0,0,
3.53,0.0,0.0,70.09,0,0,0,
3.53,0.0,0.0,36.81,0,0,0,
3.53,0.0,0.0,36.88,0,0,0,
3.53,0.0,0.0,36.79,0,0,0,
3.53,0.0,0.0,70.09,0,0,0,
3.53,0.0,0.0,36.81,0,0,0,
3.53,0.0,0.0,36.88,0,0,0,
3.53,0.0,0.0,36.57,0,0,0,
3.53,0.0,0.0,36.57,0,0,0,
3.53,0.0,0.0,36.57,0,0,0,
3.58,0.0,0.0,70.09,0,0,0,
3.58,0.0,0.0,70.09,0,0,0,
3.58,0.0,0.0,36.88,0,0,0,
3.58,0.0,0.0,36.81,0,0,0,
3.58,0.0,0.0,36.88,0,0,0,
3.58,0.0,0.0,36.81,0,0,0,
3.58,0.0,0.0,36.57,0,0,0,
3.58,0.0,0.0,36.57,0,0,0,
3.58,0.0,0.0,36.79,0,0,0,
3.58,0.0,0.0,36.79,0,0,0,
3.59,0.0,0.0,70.09,0,0,0,
3.59,0.0,0.0,36.57,0,0,0,
3.59,0.0,0.0,36.79,0,0,0,
3.59,0.0,0.0,36.81,0,0,0,
3.59,0.0,0.0,36.88,0,0,0,
3.61,0.0,0.0,70.09,0,0,0,
3.61,0.0,0.0,36.81,0,0,0,
3.61,0.0,0.0,36.57,0,0,0,
3.61,0.0,0.0,36.88,0,0,0,
3.61,0.0,0.0,36.79,0,0,0,
3.65,0.0,0.0,70.09,0,0,0,
3.65,0.0,0.0,36.81,0,0,0,
3.65,0.0,0.0,70.09,0,0,0,
3.65,0.0,0.0,36.81,0,0,0,
3.65,0.0,0.0,36.57,0,0,0,
3.65,0.0,0.0,36.88,0,0,0,
3.65,0.0,0.0,36.88,0,0,0,
3.65,0.0,0.0,36.57,0,0,0,
3.65,0.0,0.0,36.79,0,0,0,
3.65,0.0,0.0,36.79,0,0,0,
3.69,0.0,0.0,70.09,0,0,0,
3.69,0.0,0.0,70.09,0,0,0,
3.69,0.0,0.0,36.79,0,0,0,
3.69,0.0,0.0,36.88,0,0,0,
3.69,0.0,0.0,36.57,0,0,0,
3.69,0.0,0.0,36.79,0,0,0,
3.69,0.0,0.0,36.88,0,0,0,
3.69,0.0,0.0,36.57,0,0,0,
3.69,0.0,0.0,36.81,0,0,0,
3.69,0.0,0.0,36.81,0,0,0,
3.74,0.0,0.0,70.09,0,0,0,
3.74,0.0,0.0,70.09,0,0,0,
3.74,0.0,0.0,36.57,0,0,0,
3.74,0.0,0.0,36.88,0,0,0,
3.74,0.0,0.0,36.88,0,0,0,
3.74,0.0,0.0,36.79,0,0,0,
3.74,0.0,0.0,36.57,0,0,0,
3.74,0.0,0.0,36.79,0,0,0,
3.74,0.0,0.0,36.81,0,0,0,
3.74,0.0,0.0,36.81,0,0,0,
3.78,0.0,0.0,36.79,0,0,0,
3.78,0.0,0.0,36.79,0,0,0,
3.78,0.0,0.0,36.57,0,0,0,
3.78,0.0,0.0,36.57,0,0,0,
3.78,0.0,0.0,36.88,0,0,0,
3.78,0.0,0.0,36.88,0,0,0,
3.79,0.0,0.0,36.81,0,0,0,
3.79,0.0,0.0,36.81,0,0,0,
3.79,0.0,0.0,70.09,0,0,0,
3.79,0.0,0.0,70.09,0,0,0,
3.83,0.0,0.0,36.57,0,0,0,
3.83,0.0,0.0,36.57,0,0,0,
3.83,0.0,0.0,36.57,0,0,0,
3.83,0.0,0.0,70.09,0,0,0,
3.83,0.0,0.0,70.09,0,0,0,
3.83,0.0,0.0,70.09,0,0,0,
3.83,0.0,0.0,36.79,0,0,0,
3.83,0.0,0.0,36.88,0,0,0,
3.83,0.0,0.0,36.81,0,0,0,
3.83,0.0,0.0,36.88,0,0,0,
3.83,0.0,0.0,36.81,0,0,0,
3.83,0.0,0.0,36.81,0,0,0,
3.83,0.0,0.0,36.88,0,0,0,
3.83,0.0,0.0,36.79,0,0,0,
3.83,0.0,0.0,36.79,0,0,0,
3.87,0.0,0.0,36.57,0,0,0,
3.87,0.0,0.0,36.79,0,0,0,
3.87,0.0,0.0,70.09,0,0,0,
3.87,0.0,0.0,36.57,0,0,0,
3.87,0.0,0.0,36.88,0,0,0,
3.87,0.0,0.0,70.09,0,0,0,
3.87,0.0,0.0,36.88,0,0,0,
3.87,0.0,0.0,36.79,0,0,0,
3.88,0.0,0.0,36.81,0,0,0,
3.88,0.0,0.0,36.81,0,0,0,
3.89,0.0,0.0,70.09,0,0,0,
3.89,0.0,0.0,36.88,0,0,0,
3.89,0.0,0.0,36.79,0,0,0,
3.89,0.0,0.0,36.57,0,0,0,
3.89,0.0,0.0,36.81,0,0,0,
3.91,0.0,0.0,70.09,0,0,0,
3.91,0.0,0.0,36.81,0,0,0,
3.91,0.0,0.0,36.79,0,0,0,
3.91,0.0,0.0,36.57,0,0,0,
3.91,0.0,0.0,36.88,0,0,0,
3.95,0.0,0.0,36.57,0,0,0,
3.95,0.0,0.0,70.09,0,0,0,
3.95,0.0,0.0,36.57,0,0,0,
3.95,0.0,0.0,70.09,0,0,0,
3.95,0.0,0.0,36.81,0,0,0,
3.95,0.0,0.0,36.88,0,0,0,
3.95,0.0,0.0,36.88,0,0,0,
3.95,0.0,0.0,36.79,0,0,0,
3.95,0.0,0.0,36.79,0,0,0,
3.99,0.0,0.0,70.09,0,0,0,
3.99,0.0,0.0,70.09,0,0,0,
3.99,0.0,0.0,36.57,0,0,0,
3.99,0.0,0.0,36.57,0,0,0,
3.99,0.0,0.0,36.81,0,0,0,
3.99,0.0,0.0,36.81,0,0,0,
3.99,0.0,0.0,36.88,0,0,0,
3.99,0.0,0.0,36.88,0,0,0,
3.99,0.0,0.0,36.79,0,0,0,
3.99,0.0,0.0,36.79,0,0,0,
4.02,0.0,0.0,70.09,0,0,0,
4.02,0.0,0.0,36.57,0,0,0,
4.02,0.0,0.0,36.88,0,0,0,
4.02,0.0,0.0,36.81,0,0,0,
4.02,0.0,0.0,36.79,0,0,0,
4.03,0.0,0.0,36.57,0,0,0,
4.03,0.0,0.0,36.79,0,0,0,
4.03,0.0,0.0,36.81,0,0,0,
4.03,0.0,0.0,36.88,0,0,0,
4.06,0.0,0.0,36.57,0,0,0,
4.06,0.0,0.0,70.09,0,0,0,
4.06,0.0,0.0,36.79,0,0,0,
4.06,0.0,0.0,36.81,0,0,0,
4.06,0.0,0.0,36.88,0,0,0,
4.1,0.0,0.0,70.09,0,0,0,
4.1,0.0,0.0,70.09,0,0,0,
4.1,0.0,0.0,36.57,0,0,0,
4.1,0.0,0.0,36.57,0,0,0,
4.1,0.0,0.0,36.81,0,0,0,
4.1,0.0,0.0,36.81,0,0,0,
4.1,0.0,0.0,36.88,0,0,0,
4.1,0.0,0.0,36.79,0,0,0,
4.1,0.0,0.0,36.88,0,0,0,
4.1,0.0,0.0,36.79,0,0,0,
4.13,0.0,0.0,36.79,0,0,0,
4.13,0.0,0.0,36.88,0,0,0,
4.13,0.0,0.0,70.09,0,0,0,
4.13,0.0,0.0,36.81,0,0,0,
4.13,0.0,0.0,36.79,0,0,0,
4.13,0.0,0.0,36.88,0,0,0,
4.13,0.0,0.0,70.09,0,0,0,
4.13,0.0,0.0,36.81,0,0,0,
4.13,0.0,0.0,36.57,0,0,0,
4.13,0.0,0.0,36.57,0,0,0,
4.17,0.0,0.0,70.09,0,0,0,
4.17,0.0,0.0,70.09,0,0,0,
4.17,0.0,0.0,36.81,0,0,0,
4.17,0.0,0.0,36.81,0,0,0,
4.17,0.0,0.0,36.79,0,0,0,
4.17,0.0,0.0,36.57,0,0,0,
4.17,0.0,0.0,36.79,0,0,0,
4.17,0.0,0.0,36.57,0,0,0,
4.17,0.0,0.0,36.88,0,0,0,
4.17,0.0,0.0,36.88,0,0,0,
4.21,0.0,0.0,70.09,0,0,0,
4.21,0.0,0.0,70.09,0,0,0,
4.21,0.0,0.0,36.57,0,0,0,
4.21,0.0,0.0,36.57,0,0,0,
4.21,0.0,0.0,36.81,0,0,0,
4.21,0.0,0.0,36.81,0,0,0,
4.21,0.0,0.0,36.88,0,0,0,
4.21,0.0,0.0,36.88,0,0,0,
4.21,0.0,0.0,36.79,0,0,0,
4.21,0.0,0.0,36.79,0,0,0,
4.24,0.0,0.0,70.09,0,0,0,
4.25,0.0,0.0,36.79,0,0,0,
4.24,0.0,0.0,36.88,0,0,0,
4.24,0.0,0.0,36.81,0,0,0,
4.25,0.0,0.0,70.09,0,0,0,
4.24,0.0,0.0,36.81,0,0,0,
4.25,0.0,0.0,36.79,0,0,0,
4.25,0.0,0.0,36.57,0,0,0,
4.24,0.0,0.0,36.88,0,0,0,
4.25,0.0,0.0,36.57,0,0,0,
4.28,0.0,0.0,36.79,0,0,0,
4.28,0.0,0.0,36.88,0,0,0,
4.28,0.0,0.0,36.57,0,0,0,
4.28,0.0,0.0,70.09,0,0,0,
4.28,0.0,0.0,36.81,0,0,0,
4.32,0.0,0.0,36.88,0,0,0,
4.32,0.0,0.01,36.89,0,0,0,
4.32,0.0,0.0,70.09,0,0,0,
4.32,0.0,0.01,70.09,0,0,0,
4.32,0.0,0.0,36.81,0,0,0,
4.32,0.0,0.01,36.81,0,0,0,
4.32,0.0,0.0,36.79,0,0,0,
4.32,0.0,0.01,36.79,0,0,0,
4.32,0.0,0.0,36.57,0,0,0,
4.32,0.0,0.01,36.57,0,0,0,
4.36,0.0,0.01,36.57,0,0,0,
4.36,0.0,0.01,36.89,0,0,0,
4.36,0.0,0.01,36.89,0,0,0,
4.36,0.0,0.01,36.58,0,0,0,
4.36,0.0,0.01,36.79,0,0,0,
4.36,0.0,0.01,36.8,0,0,0,
4.36,0.0,0.01,36.82,0,0,0,
4.36,0.0,0.01,36.82,0,0,0,
4.36,0.0,0.01,70.09,0,0,0,
4.36,0.0,0.01,70.1,0,0,0,
4.4,0.0,0.01,36.82,0,0,0,
4.4,0.0,0.02,36.82,0,0,0,
4.4,0.0,0.01,70.1,0,0,0,
4.4,0.0,0.02,70.1,0,0,0,
4.4,0.0,0.01,36.89,0,0,0,
4.4,0.0,0.01,36.58,0,0,0,
4.4,0.0,0.02,36.9,0,0,0,
4.4,0.0,0.02,36.58,0,0,0,
4.4,0.0,0.01,36.8,0,0,0,
4.4,0.0,0.02,36.8,0,0,0,
4.44,0.0,0.02,36.83,0,0,0,
4.44,0.0,0.02,36.81,0,0,0,
4.44,0.0,0.02,70.11,0,0,0,
4.44,0.0,0.02,36.83,0,0,0,
4.44,0.0,0.02,70.11,0,0,0,
4.44,0.0,0.02,36.59,0,0,0,
4.44,0.0,0.02,36.81,0,0,0,
4.44,0.0,0.02,36.59,0,0,0,
4.44,0.0,0.02,36.9,0,0,0,
4.47,0.0,0.03,36.6,0,0,0,
4.47,0.0,0.03,36.6,0,0,0,
4.47,0.0,0.03,70.11,0,0,0,
4.47,0.0,0.03,36.81,0,0,0,
4.47,0.0,0.03,70.12,0,0,0,
4.47,0.0,0.03,36.82,0,0,0,
4.47,0.0,0.03,36.91,0,0,0,
4.47,0.0,0.03,36.91,0,0,0,
4.47,0.0,0.03,36.84,0,0,0,
4.47,0.0,0.03,36.84,0,0,0,
4.51,0.0,0.04,36.92,0,0,0,
4.51,0.0,0.04,36.82,0,0,0,
4.51,0.0,0.04,36.6,0,0,0,
4.51,0.0,0.04,36.92,0,0,0,
4.51,0.0,0.04,36.83,0,0,0,
4.51,0.0,0.04,36.61,0,0,0,
4.51,0.0,0.04,36.84,0,0,0,
4.51,0.0,0.04,36.85,0,0,0,
4.51,0.0,0.04,70.12,0,0,0,
4.51,0.0,0.04,70.13,0,0,0,
4.54,0.0,0.05,70.14,0,0,0,
4.54,0.0,0.05,36.84,0,0,0,
4.54,0.0,0.05,36.93,0,0,0,
4.54,0.0,0.05,36.62,0,0,0,
4.54,0.0,0.05,36.86,0,0,0,
4.55,0.0,0.06,36.63,0,0,0,
4.55,0.0,0.06,70.14,0,0,0,
4.55,0.0,0.06,36.94,0,0,0,
4.55,0.0,0.06,36.87,0,0,0,
4.54,0.0,0.06,36.84,0,0,0,
4.58,0.0,0.07,36.63,0,0,0,
4.58,0.0,0.07,36.95,0,0,0,
4.58,0.0,0.07,36.85,0,0,0,
4.58,0.0,0.07,36.87,0,0,0,
4.58,0.0,0.07,70.15,0,0,0,
4.62,0.0,0.07,36.64,0,0,0,
4.62,0.0,0.08,36.65,0,0,0,
4.62,0.0,0.07,70.16,0,0,0,
4.62,0.0,0.08,70.17,0,0,0,
4.62,0.0,0.07,36.88,0,0,0,
4.62,0.0,0.08,36.89,0,0,0,
4.62,0.0,0.07,36.86,0,0,0,
4.62,0.0,0.08,36.87,0,0,0,
4.62,0.0,0.07,36.95,0,0,0,
4.62,0.0,0.08,36.96,0,0,0,
4.66,0.0,0.09,36.97,0,0,0,
4.66,0.0,0.09,70.18,0,0,0,
4.66,0.0,0.1,36.98,0,0,0,
4.66,0.0,0.1,70.19,0,0,0,
4.66,0.0,0.09,36.66,0,0,0,
4.66,0.0,0.1,36.67,0,0,0,
4.66,0.0,0.09,36.88,0,0,0,
4.66,0.0,0.1,36.89,0,0,0,
4.66,0.0,0.09,36.9,0,0,0,
4.66,0.0,0.1,36.91,0,0,0,
4.7,0.0,0.11,36.99,0,0,0,
4.7,0.0,0.11,70.2,0,0,0,
4.7,0.0,0.12,70.21,0,0,0,
4.7,0.0,0.11,36.92,0,0,0,
4.7,0.0,0.12,36.93,0,0,0,
4.7,0.0,0.12,37.0,0,0,0,
4.7,0.0,0.11,36.9,0,0,0,
4.7,0.0,0.12,36.91,0,0,0,
4.7,0.0,0.11,36.68,0,0,0,
4.7,0.0,0.12,36.69,0,0,0,
4.74,0.0,0.13,37.01,0,0,0,
4.74,0.0,0.14,37.02,0,0,0,
4.74,0.0,0.13,36.7,0,0,0,
4.74,0.0,0.13,36.92,0,0,0,
4.74,0.0,0.13,70.22,0,0,0,
4.74,0.0,0.14,36.93,0,0,0,
4.74,0.0,0.14,70.23,0,0,0,
4.74,0.0,0.13,36.94,0,0,0,
4.74,0.0,0.14,36.71,0,0,0,
4.74,0.0,0.14,36.95,0,0,0,
4.77,0.0,0.15,36.94,0,0,0,
4.77,0.0,0.15,37.03,0,0,0,
4.77,0.0,0.15,36.72,0,0,0,
4.77,0.0,0.17,36.95,0,0,0,
4.77,0.0,0.17,37.05,0,0,0,
4.77,0.0,0.17,36.73,0,0,0,
4.77,0.0,0.15,36.96,0,0,0,
4.77,0.0,0.17,36.98,0,0,0,
4.77,0.0,0.15,70.24,0,0,0,
4.77,0.0,0.17,70.25,0,0,0,
4.81,0.0,0.18,36.75,0,0,0,
4.81,0.0,0.18,37.06,0,0,0,
4.81,0.0,0.18,36.99,0,0,0,
4.81,0.0,0.19,36.76,0,0,0,
4.81,0.0,0.19,37.0,0,0,0,
4.81,0.0,0.19,37.07,0,0,0,
4.81,0.0,0.18,70.27,0,0,0,
4.81,0.0,0.19,70.28,0,0,0,
4.81,0.0,0.19,36.98,0,0,0,
4.85,0.0,0.21,70.29,0,0,0,
4.85,0.0,0.21,37.01,0,0,0,
4.85,0.0,0.22,70.3,0,0,0,
4.85,0.0,0.22,37.03,0,0,0,
4.85,0.0,0.21,37.09,0,0,0,
4.85,0.0,0.22,37.1,0,0,0,
4.85,0.0,0.21,36.99,0,0,0,
4.85,0.0,0.22,37.0,0,0,0,
4.86,0.0,0.22,36.79,0,0,0,
4.89,0.0,0.23,37.11,0,0,0,
4.89,0.0,0.23,36.8,0,0,0,
4.89,0.0,0.23,70.32,0,0,0,
4.89,0.0,0.25,36.81,0,0,0,
4.89,0.0,0.25,70.33,0,0,0,
4.89,0.0,0.23,37.04,0,0,0,
4.89,0.0,0.23,37.02,0,0,0,
4.89,0.0,0.25,37.05,0,0,0,
4.89,0.0,0.25,37.03,0,0,0,
4.89,0.0,0.25,37.13,0,0,0,
4.93,0.0,0.26,70.35,0,0,0,
4.93,0.0,0.28,70.36,0,0,0,
4.93,0.0,0.26,37.07,0,0,0,
4.93,0.0,0.26,36.83,0,0,0,
4.93,0.0,0.28,36.84,0,0,0,
4.93,0.0,0.28,37.09,0,0,0,
4.93,0.0,0.26,37.14,0,0,0,
4.93,0.0,0.26,37.05,0,0,0,
4.93,0.0,0.28,37.06,0,0,0,
4.93,0.0,0.28,37.16,0,0,0,
4.97,0.0,0.29,36.86,0,0,0,
4.97,0.0,0.29,70.38,0,0,0,
4.97,0.0,0.31,36.88,0,0,0,
4.97,0.0,0.31,70.4,0,0,0,
4.97,0.0,0.29,37.18,0,0,0,
4.97,0.0,0.29,37.1,0,0,0,
4.97,0.0,0.31,37.19,0,0,0,
4.97,0.0,0.31,37.12,0,0,0,
4.97,0.0,0.29,37.08,0,0,0,
4.97,0.0,0.31,37.1,0,0,0,
5.01,0.0,0.33,70.41,0,0,0,
5.01,0.0,0.34,70.43,0,0,0,
5.01,0.0,0.33,37.21,0,0,0,
5.01,0.0,0.34,37.22,0,0,0,
5.01,0.0,0.33,37.13,0,0,0,
5.01,0.0,0.34,37.15,0,0,0,
5.01,0.0,0.33,36.89,0,0,0,
5.01,0.0,0.34,36.91,0,0,0,
5.01,0.0,0.33,37.11,0,0,0,
5.01,0.0,0.34,37.13,0,0,0,
5.04,0.0,0.36,37.14,0,0,0,
5.04,0.0,0.36,36.93,0,0,0,
5.04,0.0,0.36,37.24,0,0,0,
5.04,0.0,0.36,70.45,0,0,0,
5.04,0.0,0.36,37.17,0,0,0,
5.05,0.0,0.38,70.46,0,0,0,
5.05,0.0,0.38,37.16,0,0,0,
5.05,0.0,0.38,37.26,0,0,0,
5.05,0.0,0.38,36.94,0,0,0,
5.05,0.0,0.38,37.18,0,0,0,
5.08,0.0,0.39,70.48,0,0,0,
5.08,0.0,0.39,37.18,0,0,0,
5.08,0.0,0.39,37.2,0,0,0,
5.08,0.0,0.39,36.96,0,0,0,
5.08,0.0,0.39,37.28,0,0,0,
5.12,0.0,0.41,36.98,0,0,0,
5.12,0.0,0.41,37.22,0,0,0,
5.12,0.0,0.41,70.5,0,0,0,
5.12,0.0,0.41,37.2,0,0,0,
5.12,0.0,0.43,37.0,0,0,0,
5.12,0.0,0.43,70.52,0,0,0,
5.12,0.0,0.43,37.22,0,0,0,
5.12,0.0,0.43,37.24,0,0,0,
5.12,0.0,0.41,37.29,0,0,0,
5.12,0.0,0.43,37.31,0,0,0,
5.16,0.0,0.45,70.54,0,0,0,
5.16,0.0,0.45,37.26,0,0,0,
5.16,0.0,0.47,70.56,0,0,0,
5.16,0.0,0.47,37.28,0,0,0,
5.16,0.0,0.45,37.24,0,0,0,
5.16,0.0,0.47,37.26,0,0,0,
5.16,0.0,0.45,37.02,0,0,0,
5.16,0.0,0.45,37.33,0,0,0,
5.16,0.0,0.47,37.35,0,0,0,
5.16,0.0,0.47,37.04,0,0,0,
5.19,0.0,0.49,70.58,0,0,0,
5.19,0.0,0.51,70.6,0,0,0,
5.19,0.0,0.49,37.3,0,0,0,
5.19,0.0,0.49,37.06,0,0,0,
5.19,0.0,0.51,37.32,0,0,0,
5.19,0.0,0.51,37.08,0,0,0,
5.19,0.0,0.49,37.28,0,0,0,
5.19,0.0,0.51,37.3,0,0,0,
5.19,0.0,0.49,37.37,0,0,0,
5.19,0.0,0.51,37.39,0,0,0,
5.22,0.0,0.53,37.34,0,0,0,
5.22,0.0,0.53,70.62,0,0,0,
5.22,0.0,0.53,37.32,0,0,0,
5.22,0.0,0.53,37.41,0,0,0,
5.22,0.0,0.53,37.1,0,0,0,
5.23,0.0,0.55,70.64,0,0,0,
5.23,0.0,0.55,37.43,0,0,0,
5.23,0.0,0.55,37.34,0,0,0,
5.23,0.0,0.55,37.12,0,0,0,
5.23,0.0,0.55,37.36,0,0,0,
5.26,0.0,0.57,37.14,0,0,0,
5.26,0.0,0.57,37.36,0,0,0,
5.26,0.0,0.57,70.66,0,0,0,
5.26,0.0,0.57,37.38,0,0,0,
5.26,0.0,0.57,37.45,0,0,0,
5.3,0.0,0.59,70.68,0,0,0,
5.3,0.0,0.59,37.4,0,0,0,
5.3,0.0,0.61,70.7,0,0,0,
5.3,0.0,0.59,37.16,0,0,0,
5.3,0.0,0.61,37.42,0,0,0,
5.3,0.0,0.59,37.47,0,0,0,
5.3,0.0,0.61,37.49,0,0,0,
5.3,0.0,0.59,37.38,0,0,0,
5.3,0.0,0.61,37.4,0,0,0,
5.3,0.0,0.61,37.18,0,0,0,
5.34,0.0,0.63,70.72,0,0,0,
5.34,0.0,0.63,37.51,0,0,0,
5.34,0.0,0.65,37.53,0,0,0,
5.34,0.0,0.65,70.74,0,0,0,
5.34,0.0,0.63,37.44,0,0,0,
5.34,0.0,0.65,37.46,0,0,0,
5.34,0.0,0.63,37.2,0,0,0,
5.34,0.0,0.63,37.42,0,0,0,
5.34,0.0,0.65,37.22,0,0,0,
5.34,0.0,0.65,37.43,0,0,0,
5.38,0.0,0.67,37.55,0,0,0,
5.38,0.0,0.69,37.57,0,0,0,
5.38,0.0,0.67,70.76,0,0,0,
5.38,0.0,0.67,37.48,0,0,0,
5.38,0.0,0.69,70.77,0,0,0,
5.38,0.0,0.69,37.5,0,0,0,
5.38,0.0,0.67,37.46,0,0,0,
5.38,0.0,0.69,37.47,0,0,0,
5.38,0.0,0.67,37.24,0,0,0,
5.38,0.0,0.69,37.26,0,0,0,
5.41,0.0,0.71,70.8,0,0,0,
5.41,0.0,0.71,37.28,0,0,0,
5.41,0.0,0.71,37.52,0,0,0,
5.41,0.0,0.73,70.81,0,0,0,
5.41,0.0,0.73,37.29,0,0,0,
5.41,0.0,0.73,37.54,0,0,0,
5.41,0.0,0.71,37.5,0,0,0,
5.41,0.0,0.73,37.51,0,0,0,
5.41,0.0,0.71,37.59,0,0,0,
5.41,0.0,0.73,37.61,0,0,0,
5.44,0.0,0.75,37.31,0,0,0,
5.44,0.0,0.75,37.53,0,0,0,
5.44,0.0,0.75,37.63,0,0,0,
5.45,0.0,0.75,37.56,0,0,0,
5.45,0.0,0.77,37.55,0,0,0,
5.45,0.0,0.77,37.33,0,0,0,
5.45,0.0,0.75,70.83,0,0,0,
5.45,0.0,0.77,37.65,0,0,0,
5.45,0.0,0.77,70.85,0,0,0,
5.46,0.0,0.77,37.58,0,0,0,
5.48,0.0,0.79,37.57,0,0,0,
5.48,0.0,0.79,37.67,0,0,0,
5.48,0.0,0.79,37.35,0,0,0,
5.49,0.0,0.79,70.87,0,0,0,
5.52,0.0,0.81,37.37,0,0,0,
5.52,0.0,0.81,37.59,0,0,0,
5.52,0.0,0.81,37.61,0,0,0,
5.52,0.0,0.83,37.39,0,0,0,
5.52,0.0,0.83,37.61,0,0,0,
5.52,0.0,0.83,37.63,0,0,0,
5.52,0.0,0.81,37.69,0,0,0,
5.52,0.0,0.83,37.71,0,0,0,
5.52,0.0,0.81,70.89,0,0,0,
5.52,0.0,0.83,70.91,0,0,0,
5.55,0.0,0.85,37.73,0,0,0,
5.55,0.0,0.85,37.63,0,0,0,
5.55,0.0,0.87,37.75,0,0,0,
5.55,0.0,0.87,37.65,0,0,0,
5.55,0.0,0.85,37.41,0,0,0,
5.55,0.0,0.87,37.43,0,0,0,
5.55,0.0,0.85,37.65,0,0,0,
5.55,0.0,0.87,37.67,0,0,0,
5.56,0.0,0.85,70.93,0,0,0,
5.59,0.0,0.89,37.67,0,0,0,
5.59,0.0,0.91,37.69,0,0,0,
5.59,0.0,0.89,37.77,0,0,0,
5.59,0.0,0.91,37.79,0,0,0,
5.59,0.0,0.89,37.69,0,0,0,
5.59,0.0,0.91,37.71,0,0,0,
5.59,0.0,0.89,37.45,0,0,0,
5.59,0.0,0.91,37.47,0,0,0,
5.6,0.0,0.89,70.97,0,0,0,
5.6,0.0,0.91,70.99,0,0,0,
5.63,0.0,0.93,37.49,0,0,0,
5.63,0.0,0.95,37.51,0,0,0,
5.63,0.0,0.93,37.81,0,0,0,
5.64,0.0,0.93,37.71,0,0,0,
5.64,0.0,0.95,37.73,0,0,0,
5.64,0.0,0.93,37.73,0,0,0,
5.63,0.0,0.95,37.83,0,0,0,
5.64,0.0,0.95,37.75,0,0,0,
5.64,0.0,0.93,71.01,0,0,0,
5.64,0.0,0.95,71.03,0,0,0,
5.67,0.0,0.97,37.77,0,0,0,
5.67,0.0,0.98,37.79,0,0,0,
5.67,0.0,0.97,37.75,0,0,0,
5.67,0.0,0.98,37.77,0,0,0,
5.67,0.0,0.97,37.53,0,0,0,
5.67,0.0,0.97,37.85,0,0,0,
5.67,0.0,0.98,37.55,0,0,0,
5.67,0.0,0.98,37.87,0,0,0,
5.68,0.0,0.97,71.05,0,0,0,
5.68,0.0,0.98,71.07,0,0,0,
5.71,0.0,1.0,37.89,0,0,0,
5.71,0.0,1.0,37.57,0,0,0,
5.71,0.0,1.02,37.59,0,0,0,
5.71,0.0,1.02,37.9,0,0,0,
5.71,0.0,1.0,37.81,0,0,0,
5.71,0.0,1.02,37.83,0,0,0,
5.71,0.0,1.0,37.79,0,0,0,
5.71,0.0,1.02,37.81,0,0,0,
5.72,0.0,1.0,71.09,0,0,0,
5.72,0.0,1.02,71.11,0,0,0,
5.74,0.0,1.04,37.92,0,0,0,
5.74,0.0,1.04,37.85,0,0,0,
5.74,0.0,1.04,37.61,0,0,0,
5.74,0.0,1.04,37.83,0,0,0,
5.75,0.0,1.06,37.85,0,0,0,
5.75,0.0,1.06,37.63,0,0,0,
5.74,0.0,1.06,37.87,0,0,0,
5.75,0.0,1.06,37.94,0,0,0,
5.75,0.0,1.04,71.13,0,0,0,
5.75,0.0,1.06,71.15,0,0,0,
5.78,0.0,1.08,37.89,0,0,0,
5.78,0.0,1.08,37.96,0,0,0,
5.78,0.0,1.08,37.87,0,0,0,
5.78,0.0,1.08,37.65,0,0,0,
5.79,0.0,1.08,71.17,0,0,0,
5.79,0.0,1.1,71.19,0,0,0,
5.82,0.0,1.1,37.89,0,0,0,
5.82,0.0,1.12,37.9,0,0,0,
5.82,0.0,1.1,37.98,0,0,0,
5.82,0.0,1.12,38.0,0,0,0,
5.82,0.0,1.1,37.91,0,0,0,
5.82,0.0,1.12,37.93,0,0,0,
5.82,0.0,1.1,37.67,0,0,0,
5.82,0.0,1.12,37.69,0,0,0,
5.82,0.0,1.12,71.2,0,0,0,
5.83,0.0,1.14,71.23,0,0,0,
5.86,0.0,1.14,37.93,0,0,0,
5.86,0.0,1.16,37.95,0,0,0,
5.86,0.0,1.14,37.95,0,0,0,
5.86,0.0,1.16,37.97,0,0,0,
5.86,0.0,1.14,37.71,0,0,0,
5.86,0.0,1.14,38.02,0,0,0,
5.86,0.0,1.16,38.04,0,0,0,
5.86,0.0,1.16,37.73,0,0,0,
5.86,0.0,1.16,71.25,0,0,0,
5.9,0.0,1.18,37.75,0,0,0,
5.9,0.0,1.18,37.99,0,0,0,
5.9,0.0,1.2,37.77,0,0,0,
5.9,0.0,1.2,38.01,0,0,0,
5.9,0.0,1.18,37.97,0,0,0,
5.9,0.0,1.2,37.99,0,0,0,
5.9,0.0,1.18,38.06,0,0,0,
5.9,0.0,1.2,38.08,0,0,0,
5.9,0.0,1.18,71.27,0,0,0,
5.9,0.0,1.2,71.29,0,0,0,
5.94,0.0,1.22,71.3,0,0,0,
5.94,0.0,1.22,38.03,0,0,0,
5.94,0.0,1.24,71.32,0,0,0,
5.94,0.0,1.22,37.78,0,0,0,
5.94,0.0,1.24,38.05,0,0,0,
5.94,0.0,1.24,37.8,0,0,0,
5.94,0.0,1.22,38.0,0,0,0,
5.94,0.0,1.24,38.02,0,0,0,
5.94,0.0,1.22,38.1,0,0,0,
5.98,0.0,1.26,71.34,0,0,0,
5.98,0.0,1.26,38.07,0,0,0,
5.98,0.0,1.28,71.36,0,0,0,
5.98,0.0,1.28,38.09,0,0,0,
5.98,0.0,1.26,38.14,0,0,0,
5.98,0.0,1.28,38.16,0,0,0,
5.98,0.0,1.26,37.82,0,0,0,
5.98,0.0,1.28,37.84,0,0,0,
5.98,0.0,1.26,38.04,0,0,0,
5.98,0.0,1.28,38.06,0,0,0,
6.02,0.0,1.3,71.38,0,0,0,
6.02,0.0,1.3,38.18,0,0,0,
6.02,0.0,1.32,71.4,0,0,0,
6.02,0.0,1.32,38.2,0,0,0,
6.02,0.0,1.3,38.11,0,0,0,
6.02,0.0,1.32,38.13,0,0,0,
6.02,0.0,1.3,37.86,0,0,0,
6.02,0.0,1.32,37.88,0,0,0,
6.02,0.0,1.3,38.08,0,0,0,
6.02,0.0,1.32,38.1,0,0,0,
6.05,0.0,1.34,71.42,0,0,0,
6.05,0.0,1.34,38.15,0,0,0,
6.05,0.0,1.36,71.44,0,0,0,
6.05,0.0,1.36,38.16,0,0,0,
6.05,0.0,1.34,38.22,0,0,0,
6.05,0.0,1.36,38.24,0,0,0,
6.05,0.0,1.34,37.9,0,0,0,
6.05,0.0,1.36,37.92,0,0,0,
6.05,0.0,1.34,38.12,0,0,0,
6.05,0.0,1.36,38.14,0,0,0,
6.09,0.0,1.38,71.46,0,0,0,
6.09,0.0,1.4,71.48,0,0,0,
6.1,0.0,1.38,38.26,0,0,0,
6.1,0.0,1.38,37.94,0,0,0,
6.1,0.0,1.4,38.28,0,0,0,
6.1,0.0,1.4,37.96,0,0,0,
6.1,0.0,1.38,38.16,0,0,0,
6.1,0.0,1.38,38.18,0,0,0,
6.1,0.0,1.4,38.18,0,0,0,
6.1,0.0,1.4,38.2,0,0,0,
6.13,0.0,1.42,71.5,0,0,0,
6.13,0.01,1.43,71.52,0,0,0,
6.14,0.0,1.42,38.22,0,0,0,
6.14,0.01,1.43,38.24,0,0,0,
6.14,0.0,1.42,38.3,0,0,0,
6.14,0.01,1.43,38.32,0,0,0,
6.14,0.0,1.42,37.98,0,0,0,
6.14,0.01,1.43,38.0,0,0,0,
6.14,0.0,1.42,38.2,0,0,0,
6.14,0.01,1.43,38.22,0,0,0,
6.17,0.01,1.45,71.54,0,0,0,
6.17,0.01,1.47,71.56,0,0,0,
6.17,0.01,1.45,38.02,0,0,0,
6.17,0.01,1.45,38.34,0,0,0,
6.17,0.01,1.47,38.04,0,0,0,
6.17,0.01,1.47,38.35,0,0,0,
6.16,0.01,1.45,38.26,0,0,0,
6.16,0.01,1.47,38.28,0,0,0,
6.17,0.01,1.45,38.24,0,0,0,
6.17,0.01,1.47,38.26,0,0,0,
6.21,0.01,1.49,71.58,0,0,0,
6.21,0.01,1.49,38.37,0,0,0,
6.21,0.01,1.51,38.39,0,0,0,
6.21,0.01,1.49,38.06,0,0,0,
6.21,0.01,1.51,38.08,0,0,0,
6.21,0.01,1.49,38.3,0,0,0,
6.21,0.01,1.51,38.32,0,0,0,
6.21,0.01,1.49,38.28,0,0,0,
6.21,0.01,1.51,38.3,0,0,0,
6.24,0.01,1.51,71.6,0,0,0,
6.24,0.01,1.53,71.62,0,0,0,
6.24,0.01,1.53,38.32,0,0,0,
6.24,0.01,1.53,38.1,0,0,0,
6.24,0.01,1.53,38.34,0,0,0,
6.24,0.01,1.53,38.41,0,0,0,
6.28,0.01,1.55,71.64,0,0,0,
6.28,0.01,1.55,38.43,0,0,0,
6.28,0.01,1.57,71.66,0,0,0,
6.28,0.01,1.57,38.45,0,0,0,
6.28,0.01,1.55,38.36,0,0,0,
6.28,0.01,1.55,38.12,0,0,0,
6.28,0.01,1.57,38.38,0,0,0,
6.28,0.01,1.57,38.14,0,0,0,
6.28,0.01,1.55,38.34,0,0,0,
6.28,0.01,1.57,38.36,0,0,0,
6.31,0.01,1.59,38.38,0,0,0,
6.31,0.01,1.59,38.4,0,0,0,
6.31,0.01,1.61,38.42,0,0,0,
6.32,0.01,1.59,38.47,0,0,0,
6.32,0.01,1.61,38.49,0,0,0,
6.32,0.01,1.59,71.68,0,0,0,
6.32,0.01,1.61,71.7,0,0,0,
6.31,0.01,1.59,38.16,0,0,0,
6.32,0.01,1.61,38.18,0,0,0,
6.35,0.01,1.63,38.41,0,0,0,
6.35,0.01,1.65,38.43,0,0,0,
6.35,0.01,1.63,38.51,0,0,0,
6.35,0.01,1.65,38.53,0,0,0,
6.35,0.01,1.63,38.2,0,0,0,
6.35,0.01,1.63,71.71,0,0,0,
6.35,0.01,1.65,71.73,0,0,0,
6.35,0.01,1.63,38.44,0,0,0,
6.35,0.01,1.65,38.45,0,0,0,
6.39,0.02,1.67,38.23,0,0,0,
6.39,0.02,1.67,38.55,0,0,0,
6.39,0.02,1.67,38.47,0,0,0,
6.39,0.02,1.69,38.25,0,0,0,
6.39,0.02,1.69,38.57,0,0,0,
6.39,0.02,1.69,38.49,0,0,0,
6.39,0.02,1.67,38.45,0,0,0,
6.39,0.02,1.69,38.47,0,0,0,
6.39,0.02,1.67,71.75,0,0,0,
6.39,0.02,1.69,71.77,0,0,0,
6.42,0.02,1.7,38.51,0,0,0,
6.42,0.02,1.7,38.59,0,0,0,
6.42,0.02,1.7,38.27,0,0,0,
6.42,0.02,1.7,38.49,0,0,0,
6.43,0.02,1.7,71.79,0,0,0,
6.43,0.02,1.72,38.29,0,0,0,
6.43,0.02,1.72,71.81,0,0,0,
6.43,0.02,1.72,38.53,0,0,0,
6.43,0.02,1.72,38.61,0,0,0,
6.43,0.02,1.72,38.51,0,0,0,
6.46,0.02,1.74,71.83,0,0,0,
6.46,0.02,1.74,38.63,0,0,0,
6.47,0.02,1.74,38.31,0,0,0,
6.46,0.02,1.74,38.53,0,0,0,
6.47,0.02,1.74,38.55,0,0,0,
6.5,0.02,1.76,71.85,0,0,0,
6.5,0.02,1.78,71.87,0,0,0,
6.5,0.02,1.76,38.33,0,0,0,
6.5,0.02,1.78,38.35,0,0,0,
6.5,0.02,1.76,38.65,0,0,0,
6.5,0.02,1.78,38.66,0,0,0,
6.5,0.02,1.76,38.55,0,0,0,
6.5,0.02,1.78,38.57,0,0,0,
6.5,0.02,1.76,38.57,0,0,0,
6.5,0.02,1.78,38.59,0,0,0,
6.54,0.02,1.8,71.89,0,0,0,
6.54,0.03,1.82,71.91,0,0,0,
6.54,0.02,1.8,38.68,0,0,0,
6.54,0.02,1.8,38.37,0,0,0,
6.54,0.02,1.8,38.59,0,0,0,
6.54,0.02,1.8,38.61,0,0,0,
6.54,0.03,1.82,38.7,0,0,0,
6.54,0.03,1.82,38.39,0,0,0,
6.54,0.03,1.82,38.61,0,0,0,
6.54,0.03,1.82,38.63,0,0,0,
6.58,0.03,1.84,71.93,0,0,0,
6.58,0.03,1.86,71.94,0,0,0,
6.58,0.03,1.84,38.72,0,0,0,
6.58,0.03,1.84,38.41,0,0,0,
6.58,0.03,1.84,38.65,0,0,0,
6.58,0.03,1.84,38.63,0,0,0,
6.58,0.03,1.86,38.74,0,0,0,
6.58,0.03,1.86,38.43,0,0,0,
6.58,0.03,1.86,38.67,0,0,0,
6.58,0.03,1.86,38.64,0,0,0,
6.62,0.03,1.88,71.96,0,0,0,
6.62,0.03,1.89,71.98,0,0,0,
6.62,0.03,1.88,38.68,0,0,0,
6.62,0.03,1.89,38.7,0,0,0,
6.62,0.03,1.88,38.44,0,0,0,
6.62,0.03,1.89,38.46,0,0,0,
6.62,0.03,1.88,38.66,0,0,0,
6.62,0.03,1.88,38.76,0,0,0,
6.62,0.03,1.89,38.68,0,0,0,
6.62,0.03,1.89,38.78,0,0,0,
6.66,0.04,1.91,72.0,0,0,0,
6.66,0.04,1.93,72.02,0,0,0,
6.66,0.04,1.91,38.8,0,0,0,
6.66,0.04,1.91,38.72,0,0,0,
6.66,0.04,1.93,38.81,0,0,0,
6.66,0.04,1.93,38.74,0,0,0,
6.66,0.04,1.91,38.7,0,0,0,
6.66,0.04,1.93,38.72,0,0,0,
6.66,0.04,1.91,38.48,0,0,0,
6.66,0.04,1.93,38.5,0,0,0,
6.69,0.04,1.95,72.04,0,0,0,
6.69,0.04,1.97,72.06,0,0,0,
6.69,0.04,1.95,38.74,0,0,0,
6.69,0.04,1.95,38.52,0,0,0,
6.69,0.04,1.95,38.76,0,0,0,
6.69,0.04,1.95,38.83,0,0,0,
6.69,0.04,1.97,38.76,0,0,0,
6.69,0.04,1.97,38.54,0,0,0,
6.69,0.04,1.97,38.78,0,0,0,
6.69,0.04,1.97,38.85,0,0,0,
6.72,0.04,1.99,72.08,0,0,0,
6.73,0.05,2.01,72.1,0,0,0,
6.73,0.04,1.99,38.87,0,0,0,
6.73,0.04,1.99,38.8,0,0,0,
6.73,0.05,2.01,38.82,0,0,0,
6.73,0.05,2.01,38.89,0,0,0,
6.73,0.04,1.99,38.78,0,0,0,
6.73,0.05,2.01,38.8,0,0,0,
6.73,0.04,1.99,38.56,0,0,0,
6.73,0.05,2.01,38.58,0,0,0,
6.76,0.05,2.03,72.12,0,0,0,
6.76,0.05,2.03,38.6,0,0,0,
6.76,0.05,2.03,38.82,0,0,0,
6.76,0.05,2.03,38.91,0,0,0,
6.77,0.05,2.05,38.62,0,0,0,
6.77,0.05,2.05,38.93,0,0,0,
6.77,0.05,2.05,38.84,0,0,0,
6.77,0.05,2.03,38.84,0,0,0,
6.77,0.05,2.05,38.86,0,0,0,
6.8,0.05,2.05,72.14,0,0,0,
6.8,0.05,2.07,72.16,0,0,0,
6.8,0.05,2.07,38.86,0,0,0,
6.8,0.05,2.07,38.95,0,0,0,
6.8,0.05,2.07,38.64,0,0,0,
6.81,0.05,2.07,38.88,0,0,0,
6.81,0.06,2.09,38.9,0,0,0,
6.84,0.06,2.09,72.18,0,0,0,
6.84,0.06,2.11,72.2,0,0,0,
6.84,0.06,2.09,38.88,0,0,0,
6.84,0.06,2.09,38.97,0,0,0,
6.84,0.06,2.11,38.9,0,0,0,
6.84,0.06,2.11,38.99,0,0,0,
6.84,0.06,2.09,38.66,0,0,0,
6.84,0.06,2.11,38.68,0,0,0,
6.85,0.06,2.11,38.92,0,0,0,
6.85,0.06,2.13,38.94,0,0,0,
6.88,0.06,2.13,72.22,0,0,0,
6.88,0.07,2.15,72.24,0,0,0,
6.88,0.06,2.13,38.92,0,0,0,
6.88,0.06,2.13,38.7,0,0,0,
6.88,0.07,2.15,38.94,0,0,0,
6.88,0.07,2.15,38.72,0,0,0,
6.88,0.06,2.13,39.01,0,0,0,
6.88,0.07,2.15,39.03,0,0,0,
6.89,0.07,2.15,38.96,0,0,0,
6.89,0.07,2.16,38.98,0,0,0,
6.92,0.07,2.16,72.26,0,0,0,
6.92,0.08,2.18,72.27,0,0,0,
6.92,0.07,2.16,38.95,0,0,0,
6.92,0.07,2.16,38.74,0,0,0,
6.92,0.08,2.18,38.97,0,0,0,
6.92,0.08,2.18,38.76,0,0,0,
6.92,0.07,2.16,39.05,0,0,0,
6.92,0.08,2.18,39.07,0,0,0,
6.92,0.08,2.18,39.0,0,0,0,
6.93,0.08,2.2,39.02,0,0,0,
6.95,0.08,2.2,72.29,0,0,0,
6.95,0.08,2.22,72.31,0,0,0,
6.96,0.08,2.2,38.99,0,0,0,
6.96,0.08,2.22,39.01,0,0,0,
6.96,0.08,2.2,38.78,0,0,0,
6.96,0.08,2.22,38.79,0,0,0,
6.96,0.08,2.2,39.09,0,0,0,
6.96,0.08,2.22,39.11,0,0,0,
6.96,0.08,2.22,39.03,0,0,0,
6.99,0.09,2.24,72.33,0,0,0,
6.99,0.09,2.26,72.35,0,0,0,
6.99,0.09,2.24,39.13,0,0,0,
6.99,0.09,2.26,39.15,0,0,0,
6.99,0.09,2.24,39.03,0,0,0,
6.99,0.09,2.26,39.05,0,0,0,
6.99,0.09,2.24,38.81,0,0,0,
6.99,0.09,2.26,38.83,0,0,0,
7.0,0.09,2.24,39.05,0,0,0,
7.02,0.1,2.28,72.37,0,0,0,
7.02,0.1,2.28,39.07,0,0,0,
7.02,0.1,2.28,39.17,0,0,0,
7.02,0.1,2.28,38.85,0,0,0,
7.03,0.1,2.3,38.87,0,0,0,
7.03,0.1,2.3,39.18,0,0,0,
7.03,0.1,2.3,39.09,0,0,0,
7.03,0.1,2.28,39.09,0,0,0,
7.03,0.1,2.3,39.11,0,0,0,
7.06,0.1,2.3,72.39,0,0,0,
7.06,0.11,2.31,72.41,0,0,0,
7.06,0.11,2.31,38.89,0,0,0,
7.06,0.11,2.31,39.11,0,0,0,
7.06,0.11,2.31,39.2,0,0,0,
7.07,0.11,2.31,39.13,0,0,0,
7.07,0.11,2.33,39.15,0,0,0,
7.1,0.11,2.34,72.43,0,0,0,
7.1,0.11,2.33,39.13,0,0,0,
7.1,0.11,2.33,38.91,0,0,0,
7.1,0.11,2.34,38.91,0,0,0,
7.1,0.11,2.33,39.22,0,0,0,
7.1,0.11,2.34,39.23,0,0,0,
7.1,0.11,2.34,39.13,0,0,0,
7.11,0.11,2.34,39.16,0,0,0,
7.11,0.12,2.35,39.17,0,0,0,
7.14,0.12,2.35,72.45,0,0,0,
7.14,0.12,2.34,72.46,0,0,0,
7.14,0.12,2.35,39.15,0,0,0,
7.14,0.12,2.35,38.93,0,0,0,
7.14,0.12,2.34,38.94,0,0,0,
7.14,0.12,2.34,39.16,0,0,0,
7.14,0.12,2.35,39.24,0,0,0,
7.14,0.12,2.34,39.25,0,0,0,
7.15,0.12,2.34,39.18,0,0,0,
7.15,0.12,2.35,39.19,0,0,0,
7.17,0.12,2.35,72.47,0,0,0,
7.17,0.12,2.34,72.47,0,0,0,
7.18,0.12,2.35,39.17,0,0,0,
7.18,0.12,2.35,39.26,0,0,0,
7.18,0.12,2.35,38.95,0,0,0,
7.18,0.12,2.34,39.17,0,0,0,
7.18,0.12,2.34,39.26,0,0,0,
7.18,0.12,2.34,38.95,0,0,0,
7.18,0.12,2.34,39.19,0,0,0,
7.21,0.12,2.34,72.47,0,0,0,
7.21,0.12,2.35,72.48,0,0,0,
7.22,0.12,2.34,38.95,0,0,0,
7.22,0.12,2.34,39.27,0,0,0,
7.22,0.12,2.34,39.17,0,0,0,
7.22,0.12,2.35,38.96,0,0,0,
7.22,0.12,2.35,39.18,0,0,0,
7.22,0.12,2.35,39.27,0,0,0,
7.22,0.12,2.34,39.19,0,0,0,
7.22,0.12,2.35,39.2,0,0,0,
7.25,0.12,2.35,72.48,0,0,0,
7.25,0.12,2.37,72.49,0,0,0,
7.26,0.12,2.35,39.18,0,0,0,
7.26,0.12,2.37,39.19,0,0,0,
7.26,0.12,2.35,39.28,0,0,0,
7.26,0.12,2.37,39.29,0,0,0,
7.26,0.12,2.35,38.96,0,0,0,
7.26,0.12,2.37,38.98,0,0,0,
7.26,0.12,2.35,39.2,0,0,0,
7.26,0.12,2.37,39.22,0,0,0,
7.29,0.12,2.37,72.5,0,0,0,
7.29,0.12,2.37,72.5,0,0,0,
7.3,0.12,2.37,38.98,0,0,0,
7.3,0.12,2.37,39.3,0,0,0,
7.3,0.12,2.37,39.3,0,0,0,
7.3,0.12,2.37,38.98,0,0,0,
7.3,0.12,2.37,39.2,0,0,0,
7.3,0.12,2.37,39.2,0,0,0,
7.3,0.12,2.37,39.22,0,0,0,
7.3,0.12,2.37,39.22,0,0,0,
7.33,0.13,2.38,72.51,0,0,0,
7.33,0.13,2.39,72.52,0,0,0,
7.34,0.13,2.38,39.21,0,0,0,
7.34,0.13,2.38,39.3,0,0,0,
7.34,0.13,2.38,38.99,0,0,0,
7.34,0.13,2.39,39.22,0,0,0,
7.34,0.13,2.39,39.31,0,0,0,
7.34,0.13,2.39,39.0,0,0,0,
7.34,0.13,2.38,39.23,0,0,0,
7.34,0.13,2.39,39.24,0,0,0,
7.37,0.13,2.39,72.52,0,0,0,
7.37,0.13,2.4,72.53,0,0,0,
7.37,0.13,2.39,39.0,0,0,0,
7.37,0.13,2.39,39.32,0,0,0,
7.37,0.13,2.4,39.01,0,0,0,
7.37,0.13,2.4,39.33,0,0,0,
7.37,0.13,2.39,39.22,0,0,0,
7.37,0.13,2.4,39.23,0,0,0,
7.38,0.13,2.39,39.24,0,0,0,
7.38,0.13,2.4,39.25,0,0,0,
7.4,0.13,2.41,72.54,0,0,0,
7.4,0.13,2.41,39.24,0,0,0,
7.4,0.13,2.42,39.25,0,0,0,
7.41,0.13,2.41,39.34,0,0,0,
7.41,0.13,2.42,39.34,0,0,0,
7.41,0.13,2.41,39.02,0,0,0,
7.41,0.13,2.42,39.03,0,0,0,
7.41,0.13,2.41,39.26,0,0,0,
7.41,0.13,2.42,39.27,0,0,0,
7.44,0.13,2.42,72.55,0,0,0,
7.44,0.14,2.43,72.56,0,0,0,
7.44,0.14,2.43,39.35,0,0,0,
7.44,0.14,2.43,39.04,0,0,0,
7.44,0.14,2.43,39.26,0,0,0,
7.45,0.14,2.43,39.27,0,0,0,
7.45,0.14,2.43,39.05,0,0,0,
7.45,0.14,2.43,39.28,0,0,0,
7.45,0.14,2.43,39.29,0,0,0,
7.48,0.14,2.43,72.57,0,0,0,
7.48,0.14,2.45,72.58,0,0,0,
7.48,0.14,2.45,39.28,0,0,0,
7.49,0.14,2.45,39.3,0,0,0,
7.48,0.14,2.45,39.06,0,0,0,
7.49,0.14,2.45,39.37,0,0,0,
7.49,0.14,2.46,39.31,0,0,0,
7.52,0.14,2.46,72.59,0,0,0,
7.52,0.15,2.47,72.6,0,0,0,
7.53,0.15,2.47,39.32,0,0,0,
7.53,0.15,2.48,39.33,0,0,0,
7.53,0.14,2.46,39.07,0,0,0,
7.53,0.15,2.47,39.08,0,0,0,
7.53,0.15,2.48,39.09,0,0,0,
7.53,0.14,2.46,39.29,0,0,0,
7.53,0.15,2.47,39.3,0,0,0,
7.53,0.15,2.48,39.31,0,0,0,
7.53,0.14,2.46,39.38,0,0,0,
7.53,0.15,2.47,39.39,0,0,0,
7.53,0.15,2.48,39.4,0,0,0,
7.56,0.15,2.48,72.61,0,0,0,
7.56,0.15,2.49,72.62,0,0,0,
7.57,0.15,2.49,39.34,0,0,0,
7.57,0.15,2.5,39.35,0,0,0,
7.57,0.15,2.49,39.1,0,0,0,
7.57,0.15,2.5,39.11,0,0,0,
7.57,0.15,2.49,39.32,0,0,0,
7.57,0.15,2.5,39.33,0,0,0,
7.57,0.15,2.49,39.41,0,0,0,
7.57,0.15,2.5,39.42,0,0,0,
7.59,0.16,2.51,39.34,0,0,0,
7.59,0.16,2.51,39.44,0,0,0,
7.59,0.16,2.51,39.12,0,0,0,
7.6,0.15,2.5,72.63,0,0,0,
7.6,0.16,2.51,72.64,0,0,0,
7.61,0.16,2.51,39.36,0,0,0,
7.61,0.16,2.52,39.36,0,0,0,
7.61,0.16,2.52,39.45,0,0,0,
7.61,0.16,2.52,39.14,0,0,0,
7.64,0.16,2.52,72.66,0,0,0,
7.64,0.16,2.54,72.67,0,0,0,
7.64,0.16,2.54,39.37,0,0,0,
7.64,0.16,2.52,39.38,0,0,0,
7.64,0.16,2.54,39.39,0,0,0,
7.64,0.16,2.54,39.46,0,0,0,
7.64,0.16,2.54,39.15,0,0,0,
7.67,0.17,2.55,72.68,0,0,0,
7.67,0.17,2.56,72.69,0,0,0,
7.68,0.17,2.55,39.38,0,0,0,
7.68,0.17,2.56,39.39,0,0,0,
7.68,0.17,2.55,39.48,0,0,0,
7.68,0.17,2.56,39.49,0,0,0,
7.68,0.17,2.55,39.16,0,0,0,
7.68,0.17,2.56,39.17,0,0,0,
7.68,0.17,2.55,39.4,0,0,0,
7.68,0.17,2.56,39.41,0,0,0,
