Algorithm,World,Trial,Total_Time,Path_Length,Deviation_From_Straight,Avg_Velocity,Path_Efficiency,Navigation_Metric,Collision,Recovery_Count,My_Recovery_Count,Avg_Computation_Time,Path_Smoothness,Min_Clearance,Max_Path_Deviation,Control_Effort,Path_Curvature,Avg_Jerk,Path_Overlap
eband,0,1,19.81,8.39,0.84,0.42,1.191,0.3258,0,0,0,0.0,94.593,-1,1.06,330.572,2964722.645,17105992.565,123
eband,1,1,21.81,8.35,0.836,0.38,1.197,0.316,0,0,0,0.0,3.902,-1,1.069,76.866,1032352.246,2815402.082,79
eband,2,1,21.13,8.23,0.823,0.39,1.216,0.3233,0,0,0,0.0,28.791,-1,0.389,221.097,285099.764,5176492.013,89
eband,3,1,20.55,8.13,0.813,0.4,1.23,0.3049,0,0,0,0.0,84.6,-1,0.323,362.592,42446234.842,10502883.524,101
eband,4,1,22.26,8.48,0.848,0.38,1.18,0.2965,0,0,0,0.0,4.126,-1,0.963,319.901,525652.057,10987152.077,82
eband,5,1,19.5,8.03,0.803,0.41,1.245,0.3093,0,0,0,0.0,1.344,-1,0.285,279.055,60721.704,8394804.298,63
eband,6,1,23.07,8.62,0.862,0.37,1.16,0.2965,0,0,0,0.0,207.077,-1,0.919,798.614,11630125.224,28831237.025,164
eband,7,1,20.69,8.29,0.829,0.4,1.206,0.3149,0,0,0,0.0,2.589,-1,1.094,37.432,9751583.403,1347286.252,71
eband,8,1,21.17,8.53,0.853,0.4,1.173,0.2809,0,0,0,0.0,3.332,-1,1.154,229.423,5492414.669,5730928.132,82
eband,9,1,19.77,8.13,0.813,0.41,1.231,0.3,0,0,0,0.0,2.897,-1,0.471,62.128,263425.717,2222420.657,69
eband,10,1,23.37,8.13,0.813,0.35,1.23,0.2866,0,0,0,0.0,2.965,-1,0.745,45.043,22589230.543,1666559.905,65
eband,11,1,20.08,8.16,0.816,0.41,1.225,0.3002,0,0,0,0.0,1.476,-1,0.76,292.933,41507.803,8693408.375,72
eband,12,1,23.04,8.75,0.876,0.38,1.142,0.2735,0,0,0,0.0,134.279,-1,1.094,475.665,9761313.565,15665155.054,131
eband,13,1,22.74,8.17,0.817,0.36,1.224,0.3173,0,0,0,0.0,98.094,-1,0.223,125.912,13360494.667,3558897.337,120
eband,14,1,20.36,8.34,0.834,0.41,1.2,0.3063,0,0,0,0.0,3.488,-1,1.121,251.815,5789309.451,6816424.257,76
eband,16,1,24.53,8.75,0.876,0.36,1.142,0.2803,0,0,0,0.0,36.175,-1,1.294,193.06,13825754.621,6233743.407,106
eband,17,1,22.45,8.54,0.854,0.38,1.171,0.2578,0,0,0,0.0,251.129,-1,1.113,774.352,46629831.622,29557185.196,173
eband,18,1,20.92,8.28,0.828,0.4,1.208,0.2859,0,0,0,0.0,96.633,-1,0.848,211.567,14688097.44,6487655.146,112
eband,19,1,24.92,8.89,0.889,0.36,1.125,0.2798,0,0,0,0.0,225.539,-1,1.548,1013.769,6573874.58,40527760.454,211
eband,20,1,20.08,8.12,0.812,0.4,1.232,0.2882,0,0,0,0.0,2.114,-1,0.597,144.273,1169080.13,4903757.73,71
eband,21,1,20.65,8.35,0.835,0.4,1.197,0.2893,0,0,0,0.0,3.36,-1,0.924,78.824,2902279.053,2875239.815,80
eband,22,1,21.98,8.29,0.829,0.38,1.207,0.3001,0,0,0,0.0,10.477,-1,0.7,291.454,7842383.14,9794705.894,82
eband,23,1,22.53,8.36,0.836,0.37,1.196,0.2863,0,0,0,0.0,102.855,-1,0.651,57.835,5103451.927,2041908.4,113
eband,24,1,24.98,8.82,0.882,0.35,1.133,0.2835,0,0,0,0.0,148.632,-1,0.797,599.322,2684323.744,18708223.424,157
eband,25,1,19.74,8.13,0.813,0.41,1.229,0.3083,0,0,0,0.0,1.531,-1,0.591,279.302,101193.867,8199323.924,71
eband,26,1,21.75,8.44,0.844,0.39,1.185,0.2766,0,0,0,0.0,102.229,-1,0.734,251.239,9285550.831,9390723.918,111
eband,27,1,19.36,8.11,0.811,0.42,1.232,0.2982,0,0,0,0.0,2.777,-1,0.51,93.582,8129205.217,7500542.992,69
eband,28,1,21.09,8.14,0.814,0.39,1.229,0.2815,0,0,0,0.0,2.249,-1,0.746,20.426,6657291.223,629084.948,70
eband,29,1,21.13,8.44,0.844,0.4,1.186,0.295,0,0,0,0.0,3.364,-1,1.105,156.293,515.442,4123897.57,85
eband,31,1,20.33,8.31,0.831,0.41,1.204,0.2769,0,0,0,0.0,2.957,-1,0.977,60.834,20449732.415,2952905.399,77
eband,32,1,21.21,8.17,0.817,0.39,1.224,0.2908,0,0,0,0.0,2.382,-1,0.506,295.526,459111.487,9847516.87,73
eband,33,1,23.84,9.19,0.919,0.39,1.088,0.2824,0,0,0,0.0,35.113,-1,1.231,266.743,20519.215,8068854.429,114
eband,34,1,21.35,8.24,0.824,0.39,1.214,0.2808,0,0,0,0.0,8.919,-1,0.742,178.642,975259.551,4218878.781,82
eband,35,1,20.37,8.08,0.808,0.4,1.237,0.2857,0,0,0,0.0,39.832,-1,0.196,511.649,2095162.623,26209363.441,85
eband,36,1,20.8,8.15,0.815,0.39,1.226,0.2703,0,0,0,0.0,2.256,-1,0.318,29.989,3823454.978,982264.357,68
eband,38,1,23.19,8.53,0.853,0.37,1.172,0.2803,0,0,0,0.0,36.607,-1,1.146,706.909,5344768.887,28280610.923,129
eband,39,1,19.91,8.17,0.817,0.41,1.224,0.2879,0,0,0,0.0,9.258,-1,0.38,113.954,6712994.715,4740260.619,75
eband,40,1,19.32,8.02,0.802,0.42,1.247,0.2823,0,0,0,0.0,1.802,-1,0.239,96.181,2753929.628,4720682.24,69
eband,41,1,20.0,8.03,0.803,0.4,1.245,0.2832,0,0,0,0.0,1.371,-1,0.238,55.351,217486.946,2266578.835,67
eband,42,1,19.45,8.0,0.8,0.41,1.25,0.296,0,0,0,0.0,0.203,-1,0.023,36.597,264364.72,2222564.588,64
eband,43,1,22.16,8.55,0.855,0.39,1.169,0.2688,0,0,0,0.0,97.859,-1,1.244,152.435,869030.257,5305851.312,127
eband,44,1,21.57,8.41,0.841,0.39,1.19,0.2999,0,0,0,0.0,3.826,-1,1.256,394.073,54564.4,14523503.46,82
eband,45,1,14.82,5.63,0.563,0.38,1.777,0.0,1,0,0,0.0,67.989,-1,1.486,483.93,97669077.905,17951897.554,100
eband,46,1,20.07,8.25,0.825,0.41,1.212,0.2687,0,0,0,0.0,2.603,-1,0.928,31.849,3884158.907,1221096.019,76
eband,47,1,19.83,8.22,0.822,0.41,1.217,0.2725,0,0,0,0.0,1.755,-1,0.911,276.736,8196669.541,7387207.256,70
eband,48,1,22.83,8.44,0.844,0.37,1.185,0.2782,0,0,0,0.0,10.032,-1,1.121,41.837,4237772.133,1419299.654,77
eband,49,1,23.97,8.71,0.871,0.36,1.148,0.2696,0,0,0,0.0,154.268,-1,0.732,230.02,23486219.416,7611199.129,163
eband,50,1,21.53,8.3,0.83,0.39,1.205,0.3005,0,0,0,0.0,131.227,-1,0.536,1324.744,882213.499,154367695.679,128
eband,51,1,22.0,8.54,0.854,0.39,1.171,0.2634,0,0,0,0.0,151.08,-1,1.115,320.148,180599410.187,10242521.597,135
eband,52,1,13.86,4.85,0.485,0.35,2.061,0.0,1,0,0,0.0,134.751,-1,0.916,925.367,29131951.43,30387839.481,116
eband,53,1,20.54,8.32,0.832,0.41,1.201,0.2717,0,0,0,0.0,2.305,-1,1.09,186.329,3094255.02,5241017.964,79
eband,54,1,20.16,8.12,0.812,0.4,1.231,0.287,0,0,0,0.0,1.54,-1,0.669,279.567,858657.692,8590788.119,63
eband,55,1,21.49,8.38,0.838,0.39,1.194,0.3041,0,0,0,0.0,16.985,-1,0.965,272.709,269303.569,7755251.948,101
eband,56,1,24.03,8.73,0.873,0.36,1.146,0.2373,0,0,0,0.0,326.942,-1,0.932,596.971,51588607.455,19995486.855,224
eband,57,1,21.01,8.44,0.844,0.4,1.185,0.2684,0,0,0,0.0,85.52,-1,1.276,667.582,13117259.117,58767899.367,119
eband,58,1,43.13,12.82,1.282,0.3,0.78,0.1838,0,0,2,0.0,849.577,-1,1.239,427.682,102614644.923,13198051.875,506
eband,59,1,21.36,8.41,0.841,0.39,1.189,0.2816,0,0,0,0.0,40.993,-1,0.966,461.483,2940071.66,15796096.612,99
eband,60,1,20.25,8.17,0.817,0.4,1.224,0.2828,0,0,0,0.0,3.627,-1,0.321,51.642,4217285.994,3439995.34,77
eband,61,1,19.5,8.02,0.802,0.41,1.247,0.2817,0,0,0,0.0,1.307,-1,0.174,250.492,3528663.952,8973872.871,67
eband,63,1,20.23,8.21,0.821,0.41,1.217,0.269,0,0,0,0.0,28.235,-1,0.494,343.221,4180690.587,10044130.013,86
eband,65,1,20.13,8.16,0.816,0.41,1.225,0.3082,0,0,0,0.0,1.619,-1,0.72,227.262,770866.935,5511833.668,67
eband,66,1,21.86,8.34,0.834,0.38,1.2,0.2604,0,0,0,0.0,135.461,-1,0.647,1034.348,11236546.207,40337091.503,132
eband,67,1,19.54,8.02,0.802,0.41,1.248,0.2722,0,0,0,0.0,1.096,-1,0.215,42.473,322218.757,1727316.999,65
eband,68,1,20.73,8.38,0.838,0.4,1.193,0.2984,0,0,0,0.0,3.12,-1,0.788,1004.354,10678080.601,113764858.562,82
eband,69,1,22.51,8.25,0.825,0.37,1.212,0.2914,0,0,0,0.0,4.911,-1,0.859,299.168,5882076.869,9419363.821,80
eband,70,1,22.98,8.56,0.856,0.37,1.169,0.2607,0,0,0,0.0,127.038,-1,1.123,273.233,26582169.746,8336620.702,135
eband,71,1,20.31,8.12,0.812,0.4,1.232,0.2735,0,0,0,0.0,9.051,-1,0.42,109.552,709333.991,11098120.32,71
eband,72,1,20.55,8.06,0.806,0.39,1.241,0.2725,0,0,0,0.0,2.292,-1,0.184,230.355,618606.099,5740559.575,68
eband,73,1,24.8,8.67,0.867,0.35,1.154,0.2747,0,0,0,0.0,98.801,-1,0.925,336.25,52624251.169,10170139.498,133
eband,74,1,20.07,8.34,0.834,0.42,1.199,0.3109,0,0,0,0.0,17.236,-1,0.821,601.909,11388757.984,71100331.08,84
eband,75,1,19.8,8.01,0.802,0.4,1.248,0.2779,0,0,0,0.0,0.746,-1,0.191,68.073,409162.081,1700847.504,68
eband,76,1,21.47,8.38,0.838,0.39,1.193,0.2674,0,0,0,0.0,28.473,-1,1.141,461.768,14838919.279,14285757.125,88
eband,77,1,19.99,8.21,0.821,0.41,1.218,0.2742,0,0,0,0.0,2.334,-1,0.911,380.186,3793.681,13677158.213,69
eband,78,1,25.19,8.61,0.861,0.34,1.162,0.2983,0,0,0,0.0,54.479,-1,1.355,344.291,1228717.22,11156298.543,162
eband,79,1,20.36,8.27,0.827,0.41,1.209,0.2703,0,0,0,0.0,3.204,-1,0.71,144.723,2311444.647,11268283.854,78
eband,80,1,10.92,2.6,0.26,0.24,3.841,0.0,1,0,0,0.0,366.541,-1,1.098,754.137,25076483.315,26331497.444,177
eband,81,1,22.23,8.16,0.817,0.37,1.225,0.2681,0,0,0,0.0,41.127,-1,0.566,193.946,410666.902,8171480.265,89
eband,82,1,10.57,4.06,0.406,0.38,2.464,0.0,1,0,0,0.0,25.797,-1,0.433,228.42,323281.536,9701978.774,59
eband,83,1,22.1,8.61,0.861,0.39,1.162,0.3078,0,0,0,0.0,59.897,-1,0.807,524.563,4963726.344,16485555.417,111
eband,84,1,20.93,8.12,0.812,0.39,1.232,0.2832,0,0,0,0.0,2.79,-1,0.621,241.036,324037.897,6411251.663,73
eband,85,1,26.59,8.81,0.881,0.33,1.135,0.2504,0,0,0,0.0,137.5,-1,1.138,537.827,4192789.122,15592036.396,168
eband,87,1,19.47,8.18,0.818,0.42,1.223,0.2835,0,0,0,0.0,1.438,-1,0.813,156.174,10443516.083,6558686.623,74
eband,88,1,20.69,8.24,0.824,0.4,1.213,0.2661,0,0,0,0.0,2.359,-1,0.923,28.94,915062.35,1216798.528,77
eband,89,1,20.48,8.29,0.829,0.4,1.206,0.2829,0,0,0,0.0,40.981,-1,0.371,67.688,7388030.23,2731702.366,96
eband,90,1,21.07,8.29,0.829,0.39,1.206,0.2762,0,0,0,0.0,38.755,-1,0.945,218.411,3708904.659,5231088.464,92
eband,91,1,24.32,8.86,0.886,0.36,1.129,0.2659,0,0,0,0.0,123.917,-1,1.113,451.069,6595017.386,15986895.166,129
eband,93,1,19.06,8.01,0.801,0.42,1.249,0.2781,0,0,0,0.0,0.2,-1,0.038,64.379,20922503.798,4129433.826,66
eband,94,1,18.88,8.01,0.801,0.42,1.248,0.2622,0,0,0,0.0,1.311,-1,0.145,312.486,14487849.373,9736425.387,69
eband,95,1,20.78,8.07,0.807,0.39,1.239,0.2696,0,0,0,0.0,10.257,-1,0.242,381.6,37372870.166,14021742.092,76
eband,98,1,23.28,8.26,0.826,0.35,1.211,0.2758,0,0,0,0.0,17.298,-1,0.509,240.965,6969.94,10893125.034,77
eband,99,1,25.72,9.09,0.909,0.35,1.1,0.2485,0,0,0,0.0,206.704,-1,1.394,736.724,17266700.247,25342888.823,173
eband,101,1,150.03,0.01,0.001,0.0,1110.845,0.0,0,0,74,0.0,0.052,-1,0.0,0.003,10948.691,375.49,7130
eband,102,1,19.39,8.39,0.839,0.43,1.191,0.2633,0,0,0,0.0,15.967,-1,1.176,385.725,2101048.105,16239191.633,84
eband,103,1,20.85,8.57,0.857,0.41,1.166,0.274,0,0,0,0.0,29.281,-1,1.182,581.868,394230.249,24960223.551,102
eband,104,1,19.45,8.55,0.855,0.44,1.169,0.2747,0,0,0,0.0,66.124,-1,1.2,1450.906,4814287.372,130655833.448,111
eband,105,1,21.04,8.67,0.867,0.41,1.154,0.2627,0,0,0,0.0,48.142,-1,1.215,546.279,7446309.258,28490654.438,113
eband,106,1,7.25,2.98,0.298,0.41,3.357,0.0,1,0,0,0.0,14.928,-1,0.48,738.562,2906704.224,34680218.737,37
eband,107,1,22.89,9.0,0.9,0.39,1.112,0.251,0,0,0,0.0,384.855,-1,0.782,2070.472,163594460.773,301657116.06,248
eband,108,1,18.18,8.22,0.822,0.45,1.217,0.2713,0,0,0,0.0,1.812,-1,0.895,266.199,1102728.045,13794990.372,72
eband,109,1,19.33,8.24,0.824,0.43,1.214,0.2823,0,0,0,0.0,4.338,-1,0.668,272.016,4485894.522,25700707.408,72
eband,110,1,19.01,8.44,0.845,0.44,1.184,0.2922,0,0,0,0.0,10.224,-1,1.255,218.879,197536.941,13021086.752,83
eband,111,1,16.52,5.54,0.554,0.34,1.804,0.0,1,0,0,0.0,402.041,-1,1.425,2466.04,155161826.048,412082503.921,203
eband,112,1,21.05,8.44,0.844,0.4,1.185,0.2788,0,0,0,0.0,74.08,-1,0.879,1652.412,1150520.415,268468249.661,158
eband,113,1,20.44,8.62,0.862,0.42,1.16,0.2717,0,0,0,0.0,48.698,-1,1.013,578.718,3293480.903,34427231.351,110
eband,114,1,10.89,4.24,0.424,0.39,2.36,0.0,1,0,0,0.0,146.088,-1,0.188,1047.849,17503559.284,58657078.781,95
eband,115,1,20.22,8.36,0.836,0.41,1.197,0.2742,0,0,0,0.0,30.118,-1,1.011,591.843,2953827.023,31132701.269,93
eband,116,1,19.07,8.32,0.832,0.44,1.201,0.2642,0,0,0,0.0,4.67,-1,0.696,439.683,1051152.263,21268234.98,81
eband,117,1,23.67,9.03,0.903,0.38,1.107,0.2648,0,0,0,0.0,218.512,-1,1.184,1179.93,96651612.961,170260940.572,193
eband,118,1,19.77,8.45,0.845,0.43,1.183,0.2851,0,0,0,0.0,4.081,-1,1.167,140.052,364242.698,14210478.261,85
eband,119,1,21.57,8.45,0.845,0.39,1.183,0.2889,0,0,0,0.0,40.889,-1,1.087,868.445,12281848.669,37421255.001,133
eband,120,1,22.71,8.99,0.899,0.4,1.113,0.2613,0,0,0,0.0,105.181,-1,1.257,757.634,7968566.95,34733130.94,133
eband,121,1,10.38,3.03,0.303,0.29,3.297,0.0,1,0,0,0.0,421.443,-1,0.321,1843.468,63752828.205,204863034.743,194
eband,122,1,19.25,8.37,0.837,0.43,1.195,0.2774,0,0,0,0.0,104.589,-1,0.772,1224.663,22012094.184,230168197.796,111
eband,123,1,20.72,8.57,0.857,0.41,1.167,0.2755,0,0,0,0.0,64.358,-1,1.302,719.482,9951023.028,34158685.682,115
eband,124,1,20.18,8.63,0.863,0.43,1.159,0.3007,0,0,0,0.0,115.341,-1,0.973,1049.627,30598957.472,160957692.686,128
eband,125,1,20.38,8.32,0.832,0.41,1.201,0.2728,0,0,0,0.0,99.007,-1,0.552,1843.468,48434494.059,353933263.251,120
eband,126,1,20.69,8.55,0.855,0.41,1.17,0.269,0,0,0,0.0,34.371,-1,1.468,1395.862,221214.314,212372287.602,99
eband,127,1,21.0,8.81,0.881,0.42,1.135,0.2691,0,0,0,0.0,22.326,-1,1.319,404.157,4812980.457,20665176.52,110
eband,128,1,18.02,8.11,0.811,0.45,1.234,0.2929,0,0,0,0.0,2.639,-1,0.548,465.192,5122523.051,21406410.103,72
eband,129,1,18.91,8.28,0.828,0.44,1.208,0.291,0,0,0,0.0,83.788,-1,0.463,1141.165,3842196.665,120588054.559,114
eband,130,1,18.47,8.27,0.827,0.45,1.209,0.2801,0,0,0,0.0,9.825,-1,0.431,786.311,40538.397,83850198.164,76
eband,131,1,19.32,8.27,0.827,0.43,1.209,0.3217,0,0,0,0.0,97.296,-1,0.732,212.262,14448389.144,14933724.623,121
eband,132,1,10.11,4.0,0.4,0.4,2.499,0.0,1,0,0,0.0,65.36,-1,0.716,2724.914,6490071.893,481190916.602,80
eband,133,1,19.3,8.3,0.83,0.43,1.204,0.2765,0,0,0,0.0,10.566,-1,0.701,728.42,468787.883,35591675.571,80
eband,134,1,19.53,8.31,0.831,0.43,1.203,0.2738,0,0,0,0.0,4.295,-1,0.879,99.003,720198.047,10434068.065,72
eband,135,1,19.11,8.47,0.847,0.44,1.181,0.2617,0,0,0,0.0,51.89,-1,0.947,719.492,4604780.596,151052083.298,102
eband,136,1,20.11,8.33,0.833,0.41,1.2,0.2764,0,0,0,0.0,3.916,-1,0.646,162.701,8804737.755,23797876.563,82
eband,137,1,21.27,8.54,0.854,0.4,1.17,0.2654,0,0,0,0.0,78.448,-1,1.208,448.425,45853205.927,29932466.749,118
eband,138,1,10.81,3.42,0.342,0.32,2.928,0.0,1,0,0,0.0,382.434,-1,0.217,3725.909,1457668917.122,610781295.307,185
eband,139,1,20.02,8.21,0.821,0.41,1.217,0.2637,0,0,0,0.0,60.123,-1,0.326,606.472,1084010.891,53195005.219,103
eband,140,1,20.98,8.52,0.852,0.41,1.174,0.26,0,0,0,0.0,46.757,-1,1.036,835.458,18176494.959,45785811.0,125
eband,141,1,19.21,8.31,0.831,0.43,1.204,0.273,0,0,0,0.0,54.82,-1,0.408,982.93,5774444.651,44527128.623,106
eband,142,1,18.75,8.1,0.81,0.43,1.234,0.2841,0,0,0,0.0,50.831,-1,0.465,537.002,1604125.81,33004312.531,89
eband,143,1,20.32,8.52,0.852,0.42,1.174,0.2743,0,0,0,0.0,23.66,-1,0.679,1178.627,6420700.367,161588316.571,110
eband,144,1,20.32,8.56,0.856,0.42,1.169,0.2701,0,0,0,0.0,44.072,-1,1.14,812.535,4067033.104,59584734.689,101
eband,145,1,19.89,8.35,0.835,0.42,1.197,0.2651,0,0,0,0.0,114.059,-1,0.595,1211.214,40020715.493,192582332.475,117
eband,146,1,19.86,8.53,0.853,0.43,1.172,0.2741,0,0,0,0.0,120.266,-1,1.209,893.386,3084077.143,74992274.051,129
eband,147,1,19.17,8.12,0.812,0.42,1.232,0.2893,0,0,0,0.0,3.861,-1,0.274,244.995,13629899.573,24033423.403,77
eband,148,1,18.8,8.32,0.832,0.44,1.202,0.2783,0,0,0,0.0,2.842,-1,0.761,509.045,6886459.038,26399659.259,69
eband,149,1,19.81,8.47,0.847,0.43,1.181,0.3068,0,0,0,0.0,24.067,-1,1.026,1430.016,206470.41,225504439.878,94
eband,150,1,19.89,8.46,0.846,0.43,1.182,0.2783,0,0,0,0.0,30.181,-1,1.188,1026.754,12957294.394,54051100.655,97
eband,151,1,13.08,5.01,0.501,0.38,1.996,0.0,1,0,0,0.0,79.811,-1,0.849,836.737,10683748.744,118221374.639,99
eband,152,1,19.75,8.33,0.833,0.42,1.201,0.2842,0,0,0,0.0,2.802,-1,1.122,87.546,13298502.737,12181076.982,80
eband,153,1,20.21,8.21,0.821,0.41,1.219,0.2804,0,0,0,0.0,107.961,-1,0.276,2140.137,5414976.807,379346166.757,137
eband,154,1,21.67,8.27,0.827,0.38,1.21,0.2507,0,0,0,0.0,30.483,-1,0.421,457.344,11287039.169,33671912.862,158
eband,155,1,21.4,8.51,0.851,0.4,1.175,0.2542,0,0,0,0.0,159.348,-1,0.863,972.318,16409097.607,46135208.052,148
eband,156,1,18.59,8.25,0.825,0.44,1.211,0.2652,0,0,0,0.0,2.169,-1,1.05,416.498,8164600.573,17595485.466,71
eband,157,1,20.25,8.59,0.859,0.42,1.164,0.2957,0,0,0,0.0,60.528,-1,0.761,2277.464,2218835.221,348036254.463,119
eband,158,1,22.54,8.4,0.84,0.37,1.19,0.2516,0,0,0,0.0,66.048,-1,0.466,1058.692,5267433.868,48670872.159,192
eband,159,1,18.01,8.09,0.809,0.45,1.236,0.2936,0,0,0,0.0,2.875,-1,0.521,128.108,12084803.816,13045862.933,70
eband,160,1,19.5,8.08,0.808,0.41,1.238,0.2924,0,0,0,0.0,8.614,-1,0.43,489.66,18380295.313,23706680.146,70
eband,161,1,19.82,8.62,0.862,0.43,1.161,0.2604,0,0,0,0.0,101.689,-1,0.843,1110.684,33821623.459,138030407.33,120
eband,162,1,20.84,8.55,0.855,0.41,1.17,0.2653,0,0,0,0.0,55.699,-1,0.577,1531.976,8114918.185,218580314.445,108
eband,163,1,11.2,4.79,0.479,0.43,2.088,0.0,1,0,0,0.0,3.175,-1,0.303,111.938,5284537.129,13440459.772,53
eband,164,1,19.05,8.38,0.838,0.44,1.193,0.3101,0,0,0,0.0,10.315,-1,0.622,476.169,8096720.044,26116934.103,80
eband,165,1,7.35,2.8,0.28,0.38,3.577,0.0,1,0,0,0.0,48.276,-1,0.698,2110.54,5020202.821,355272967.618,47
eband,166,1,19.38,8.14,0.814,0.42,1.228,0.2642,0,0,0,0.0,10.442,-1,0.508,636.014,2165497.848,32662519.743,71
eband,167,1,5.01,2.17,0.217,0.43,4.598,0.0,1,0,0,0.0,1.511,-1,0.332,157.294,4582341.68,20112301.922,22
eband,168,1,21.3,8.75,0.875,0.41,1.143,0.2831,0,0,0,0.0,29.809,-1,1.222,420.911,9211751.548,33377724.592,109
eband,169,1,19.13,8.38,0.838,0.44,1.194,0.2732,0,0,0,0.0,3.94,-1,0.867,477.557,6052147.014,30575340.735,85
eband,170,1,19.81,8.15,0.815,0.41,1.227,0.3076,0,0,0,0.0,9.856,-1,0.307,517.396,2720353.105,44087435.904,92
eband,171,1,21.26,8.83,0.883,0.42,1.133,0.2631,0,0,0,0.0,139.077,-1,1.362,1223.568,11760653.914,57513071.353,146
eband,172,1,8.63,3.51,0.351,0.41,2.853,0.0,1,0,0,0.0,63.486,-1,0.448,1813.08,11076620.621,292695793.343,64
eband,173,1,20.15,8.27,0.827,0.41,1.208,0.2635,0,0,0,0.0,16.142,-1,0.48,653.54,2996406.474,35665767.229,83
eband,174,1,20.22,8.31,0.831,0.41,1.204,0.2726,0,0,0,0.0,29.422,-1,0.927,208.474,1053871.229,12711260.709,85
eband,175,1,7.55,3.0,0.3,0.4,3.339,0.0,1,0,0,0.0,39.174,-1,0.236,1048.588,2934029.81,73351165.646,50
eband,176,1,5.48,2.23,0.223,0.41,4.491,0.0,1,0,0,0.0,7.866,-1,0.172,963.148,7793289.574,76872535.752,23
eband,177,1,20.63,8.62,0.862,0.42,1.16,0.3143,0,0,0,0.0,156.301,-1,1.073,946.133,105417603.633,104883648.962,148
eband,178,1,20.75,8.35,0.836,0.4,1.197,0.2659,0,0,0,0.0,122.499,-1,0.817,1862.806,14885878.946,297991646.519,112
eband,179,1,20.42,8.39,0.839,0.41,1.191,0.2689,0,0,0,0.0,55.33,-1,0.918,176.85,5438784.877,11605008.814,99
eband,180,1,21.03,8.71,0.871,0.41,1.148,0.2749,0,0,0,0.0,106.797,-1,0.822,2585.388,58570181.131,411825624.746,131
eband,181,1,19.22,8.3,0.83,0.43,1.204,0.3045,0,0,0,0.0,4.604,-1,0.89,295.7,8224.326,20765455.794,77
eband,182,1,12.81,3.86,0.386,0.3,2.589,0.0,1,0,0,0.0,466.487,-1,0.818,1661.709,308208707.775,179042523.506,231
eband,183,1,20.55,8.31,0.831,0.4,1.203,0.2695,0,0,0,0.0,35.654,-1,0.504,843.463,1575991.155,51031741.129,105
eband,184,1,20.93,8.83,0.883,0.42,1.132,0.2928,0,0,0,0.0,49.064,-1,0.859,836.59,1334650.78,41119647.769,119
eband,186,1,19.96,8.52,0.852,0.43,1.174,0.2958,0,0,0,0.0,4.586,-1,1.088,158.648,1225989.047,12243007.611,87
eband,187,1,20.41,8.49,0.849,0.42,1.177,0.2693,0,0,0,0.0,23.602,-1,1.005,1674.159,2583876.636,296129556.252,93
eband,188,1,22.38,8.78,0.878,0.39,1.139,0.2631,0,0,0,0.0,111.438,-1,1.289,700.735,39682122.481,76862078.102,139
eband,189,1,20.12,8.15,0.815,0.41,1.227,0.2761,0,0,0,0.0,34.971,-1,0.621,494.573,701908.735,34059176.532,106
eband,190,1,19.86,8.32,0.832,0.42,1.202,0.2782,0,0,0,0.0,29.562,-1,0.889,718.029,2892798.082,114464763.099,87
eband,191,1,12.32,4.94,0.495,0.4,2.022,0.0,1,0,0,0.0,96.195,-1,0.295,1794.785,20058519.516,275041712.307,108
eband,192,1,20.89,8.5,0.85,0.41,1.176,0.2737,0,0,0,0.0,24.448,-1,0.871,518.971,13427560.088,30792098.958,100
eband,193,1,21.0,8.47,0.847,0.4,1.18,0.2697,0,0,0,0.0,66.722,-1,1.111,816.967,5385881.51,37299947.755,108
eband,194,1,21.53,8.58,0.859,0.4,1.165,0.2587,0,0,0,0.0,57.141,-1,1.33,934.458,123584.648,46729213.962,135
eband,195,1,8.79,2.66,0.266,0.3,3.755,0.0,1,0,0,0.0,348.423,-1,0.548,3030.858,282422514.35,463793907.734,169
eband,196,1,22.67,8.31,0.831,0.37,1.204,0.2385,0,0,0,0.0,60.551,-1,0.577,500.383,3459070.079,38022216.059,198
eband,197,1,6.89,2.86,0.286,0.42,3.495,0.0,1,0,0,0.0,27.093,-1,0.41,1872.563,413100.0,281017635.434,47
eband,198,1,19.16,8.28,0.828,0.43,1.208,0.2857,0,0,0,0.0,23.334,-1,0.521,1446.247,1175880.79,207503994.597,92
eband,199,1,20.77,8.73,0.873,0.42,1.146,0.2858,0,0,0,0.0,73.491,-1,0.798,2226.75,5833294.406,356109151.113,123
eband,200,1,11.74,4.49,0.449,0.38,2.228,0.0,1,0,0,0.0,15.153,-1,0.22,109.588,7354738.433,7066010.871,68
eband,201,1,20.27,8.54,0.854,0.42,1.17,0.326,0,0,0,0.0,78.905,-1,1.386,487.045,3365612.808,55266820.87,116
eband,202,1,19.91,8.3,0.83,0.42,1.205,0.2623,0,0,0,0.0,23.18,-1,0.713,541.725,8118129.427,26706281.038,92
eband,203,1,21.85,8.7,0.87,0.4,1.149,0.2655,0,0,0,0.0,134.27,-1,0.722,692.423,13786102.052,32237408.449,145
eband,204,1,21.12,8.47,0.847,0.4,1.181,0.3371,0,0,0,0.0,17.335,-1,1.253,578.843,672994.458,57345416.825,119
eband,205,1,20.35,8.43,0.844,0.41,1.185,0.2715,0,0,0,0.0,78.351,-1,1.083,1403.605,2028492.414,239347177.956,121
eband,206,1,20.11,8.21,0.821,0.41,1.218,0.2966,0,0,0,0.0,10.82,-1,0.727,267.736,11625497.913,32498814.801,82
eband,207,1,26.22,9.84,0.984,0.38,1.016,0.2223,0,0,1,0.0,310.024,-1,1.483,704.789,12692634.935,28825015.849,218
eband,208,1,20.98,8.41,0.841,0.4,1.189,0.2813,0,0,0,0.0,73.146,-1,0.758,596.533,2720949.854,31802717.024,124
eband,209,1,18.18,8.1,0.81,0.45,1.234,0.2947,0,0,0,0.0,2.266,-1,0.605,120.059,298173.858,13595595.428,69
eband,210,1,20.34,8.31,0.831,0.41,1.204,0.2613,0,0,0,0.0,29.429,-1,0.893,657.608,24945308.026,29149676.609,87
eband,211,1,19.72,8.16,0.817,0.41,1.225,0.2684,0,0,0,0.0,16.774,-1,0.42,276.042,11582711.75,13099025.118,77
eband,212,1,17.97,8.05,0.806,0.45,1.241,0.2841,0,0,0,0.0,8.756,-1,0.296,361.467,5887069.547,24604061.901,74
eband,213,1,19.58,8.34,0.834,0.43,1.2,0.2641,0,0,0,0.0,9.933,-1,0.876,506.171,17075089.252,25018134.986,84
eband,215,1,20.0,8.62,0.862,0.43,1.161,0.2753,0,0,0,0.0,4.293,-1,1.157,112.502,4018021.811,15056751.348,82
eband,216,1,7.85,3.28,0.328,0.42,3.045,0.0,1,0,0,0.0,8.448,-1,0.552,172.929,15589156.742,27852546.561,37
eband,217,1,15.12,6.0,0.6,0.4,1.666,0.0,1,0,0,0.0,77.418,-1,0.993,465.147,3000153.914,26323417.623,108
eband,218,1,18.95,8.25,0.825,0.44,1.212,0.2826,0,0,0,0.0,59.137,-1,0.45,1106.309,15041117.347,65907927.108,98
eband,219,1,25.63,9.62,0.962,0.38,1.039,0.2354,0,0,0,0.0,428.23,-1,1.074,2012.04,130667779.615,276366278.458,270
eband,220,1,12.37,5.04,0.504,0.41,1.986,0.0,1,0,0,0.0,42.666,-1,0.63,2812.491,2658965.809,500387538.789,70
eband,221,1,17.69,5.99,0.599,0.34,1.67,0.0,1,0,1,0.0,453.883,-1,0.686,1294.519,22381186.739,72375730.162,272
eband,222,1,21.76,8.67,0.867,0.4,1.153,0.2674,0,0,0,0.0,118.784,-1,1.245,651.357,4107540.232,40417685.15,145
eband,223,1,20.37,8.34,0.834,0.41,1.2,0.2703,0,0,0,0.0,10.381,-1,1.193,328.448,159993647.778,14252026.126,84
eband,224,1,25.45,8.98,0.898,0.35,1.114,0.2241,0,0,0,0.0,190.312,-1,1.442,1023.746,4284963.241,56999077.177,274
eband,225,1,19.9,8.42,0.842,0.42,1.188,0.2714,0,0,0,0.0,12.719,-1,1.052,494.815,1374389.167,33282996.475,85
eband,226,1,18.78,8.3,0.831,0.44,1.204,0.2741,0,0,0,0.0,22.367,-1,0.954,1890.86,505368.432,322605552.111,86
eband,227,1,20.59,8.41,0.841,0.41,1.189,0.2639,0,0,0,0.0,60.018,-1,1.026,626.608,10741496.824,38590857.1,96
eband,228,1,20.9,8.54,0.854,0.41,1.17,0.2993,0,0,0,0.0,150.742,-1,0.721,1481.72,14817173.169,160996498.135,149
eband,229,1,20.65,8.26,0.826,0.4,1.211,0.2608,0,0,0,0.0,46.95,-1,0.766,86.106,10685206.429,5810714.472,108
eband,230,1,21.17,8.64,0.864,0.41,1.158,0.2738,0,0,0,0.0,79.081,-1,1.109,946.623,3178114.627,77505738.014,120
eband,231,1,20.07,8.73,0.873,0.44,1.145,0.2781,0,0,0,0.0,35.185,-1,1.192,1829.264,5608762.597,277422176.505,98
eband,232,1,20.11,8.49,0.85,0.42,1.177,0.2913,0,0,0,0.0,60.949,-1,1.163,1144.793,13390910.473,158497044.685,118
eband,233,1,18.06,8.16,0.816,0.45,1.225,0.2958,0,0,0,0.0,2.703,-1,0.662,420.656,583839.743,19463188.675,72
eband,234,1,19.93,8.28,0.828,0.42,1.208,0.2703,0,0,0,0.0,21.688,-1,0.686,391.695,3066281.441,27596457.027,93
eband,235,1,23.52,8.9,0.89,0.38,1.123,0.2488,0,0,0,0.0,273.368,-1,0.887,1364.083,197496466.253,183007003.587,198
eband,236,1,19.71,8.47,0.847,0.43,1.18,0.2623,0,0,0,0.0,49.503,-1,0.903,521.83,3754238.856,33814058.991,98
eband,237,1,19.55,8.29,0.829,0.42,1.207,0.2781,0,0,0,0.0,54.559,-1,0.83,1367.674,980048.074,219875036.368,99
eband,238,1,13.72,5.65,0.565,0.41,1.771,0.0,1,0,0,0.0,63.669,-1,1.29,919.916,3981455.506,55376793.834,90
eband,239,1,20.86,8.93,0.893,0.43,1.12,0.3094,0,0,0,0.0,84.455,-1,1.065,748.525,392932742.19,35949186.687,132
eband,240,1,19.51,8.56,0.856,0.44,1.168,0.3102,0,0,0,0.0,48.42,-1,0.691,1795.744,13479008.125,241008588.678,101
eband,241,1,22.92,8.99,0.899,0.39,1.113,0.2476,0,0,0,0.0,278.376,-1,1.479,1728.594,229253446.05,175310804.593,207
eband,242,1,20.56,8.44,0.844,0.41,1.185,0.2665,0,0,0,0.0,22.845,-1,1.331,756.262,171106.124,43498440.28,92
eband,243,1,11.33,4.77,0.477,0.42,2.097,0.0,1,0,0,0.0,3.737,-1,0.901,485.194,7172514.232,27446705.876,63
eband,244,1,19.67,8.25,0.825,0.42,1.212,0.2701,0,0,0,0.0,11.309,-1,0.473,644.893,14469398.697,35516348.349,80
eband,246,1,19.81,8.48,0.848,0.43,1.18,0.2673,0,0,0,0.0,24.732,-1,0.606,445.954,14029291.681,23416845.626,106
eband,247,1,19.3,8.3,0.83,0.43,1.205,0.3055,0,0,0,0.0,4.525,-1,0.931,333.025,15071973.413,16986260.283,82
eband,248,1,20.07,8.34,0.834,0.42,1.198,0.2781,0,0,0,0.0,4.465,-1,0.948,452.932,14959763.823,21317047.11,79
eband,249,1,20.16,8.66,0.866,0.43,1.154,0.2749,0,0,0,0.0,10.652,-1,0.862,98.037,5212574.759,10831481.94,89
eband,250,1,6.19,2.35,0.235,0.38,4.249,0.0,1,0,0,0.0,32.591,-1,0.235,1042.839,407831.802,150522950.239,35
eband,251,1,21.62,8.12,0.812,0.38,1.231,0.2566,0,0,0,0.0,28.212,-1,0.443,670.93,17557950.242,49938315.93,179
eband,252,1,18.47,8.13,0.813,0.44,1.23,0.2665,0,0,0,0.0,21.538,-1,0.191,845.0,2126019.476,35975045.319,82
eband,253,1,20.45,8.26,0.826,0.4,1.211,0.265,0,0,0,0.0,35.331,-1,0.733,781.441,3063121.945,72179845.879,101
eband,255,1,21.75,8.58,0.858,0.39,1.165,0.2668,0,0,0,0.0,135.644,-1,0.668,726.584,3671184.699,91453681.468,150
eband,256,1,19.87,8.3,0.83,0.42,1.205,0.2658,0,0,0,0.0,10.817,-1,0.866,374.313,309934.852,26813518.526,84
eband,257,1,19.53,8.45,0.845,0.43,1.184,0.3,0,0,0,0.0,64.531,-1,0.646,1216.754,10514106.397,139383278.898,107
eband,258,1,8.22,3.2,0.32,0.39,3.126,0.0,1,0,0,0.0,70.574,-1,0.421,1435.754,8727699.886,191606423.81,72
eband,259,1,7.18,2.87,0.287,0.4,3.48,0.0,1,0,0,0.0,68.775,-1,0.292,1395.938,11493363.498,65026439.855,52
eband,260,1,23.21,8.72,0.872,0.38,1.146,0.2583,0,0,0,0.0,215.02,-1,1.143,1793.089,6177628.76,209286984.244,209
eband,261,1,19.92,8.17,0.817,0.41,1.223,0.2742,0,0,0,0.0,9.254,-1,0.497,484.181,903663.431,26415652.562,80
eband,262,1,21.65,8.55,0.855,0.39,1.17,0.2594,0,0,0,0.0,53.817,-1,0.617,497.592,4098836.432,25858445.044,149
eband,263,1,19.7,8.15,0.815,0.41,1.227,0.2869,0,0,0,0.0,9.686,-1,0.671,536.693,12846997.865,27874056.927,80
eband,264,1,22.49,8.76,0.876,0.39,1.142,0.2636,0,0,0,0.0,221.236,-1,0.856,765.196,46759686.349,55375162.486,206
eband,265,1,23.66,9.48,0.948,0.4,1.055,0.272,0,0,0,0.0,111.091,-1,1.417,865.195,13795004.256,38305426.487,141
eband,267,1,14.0,5.47,0.547,0.39,1.829,0.0,1,0,0,0.0,40.78,-1,1.329,107.124,7160840.005,5152081.161,88
eband,268,1,22.7,8.34,0.835,0.37,1.198,0.2528,0,0,0,0.0,117.022,-1,0.564,988.678,7200966.571,87078922.096,206
eband,269,1,19.79,8.16,0.816,0.41,1.226,0.2923,0,0,0,0.0,52.608,-1,0.575,523.813,31350460.265,38922284.824,112
eband,270,1,19.64,8.59,0.859,0.44,1.164,0.2874,0,0,0,0.0,30.209,-1,1.427,808.622,7077818.943,106494045.036,105
eband,271,1,16.3,5.11,0.511,0.31,1.956,0.0,1,0,0,0.0,476.386,-1,1.224,1240.196,60149407.801,69493262.541,250
eband,272,1,22.96,8.62,0.863,0.38,1.159,0.2381,0,0,0,0.0,91.94,-1,1.355,1386.75,529909.073,222650288.014,209
eband,273,1,11.65,4.67,0.467,0.4,2.142,0.0,1,0,0,0.0,47.658,-1,0.549,1346.209,6667007.403,134242463.776,81
eband,274,1,19.2,8.26,0.826,0.43,1.21,0.2856,0,0,0,0.0,83.682,-1,0.719,134.887,61902060.275,14903529.237,103
eband,275,1,7.37,3.09,0.309,0.42,3.239,0.0,1,0,0,0.0,1.425,-1,0.308,1347.349,190057.269,143202499.392,29
eband,276,1,17.85,6.09,0.609,0.34,1.641,0.0,1,0,0,0.0,405.19,-1,1.081,2285.095,72181614.6,309736609.338,246
eband,277,1,12.8,3.3,0.33,0.26,3.033,0.0,1,0,1,0.0,611.205,-1,0.712,3734.084,54516402.421,608477176.603,285
eband,278,1,21.06,8.6,0.86,0.41,1.163,0.2714,0,0,0,0.0,10.286,-1,1.466,65.674,988713.49,4691912.28,97
eband,279,1,20.74,8.5,0.85,0.41,1.176,0.2941,0,0,0,0.0,165.809,-1,0.94,1709.275,42892868.537,236005800.081,155
eband,281,1,9.53,3.82,0.382,0.4,2.617,0.0,1,0,0,0.0,76.683,-1,1.092,367.658,73600179.642,67033486.972,64
eband,282,1,12.78,4.46,0.446,0.35,2.241,0.0,1,0,1,0.0,262.403,-1,0.468,1225.482,13437599.748,125377901.185,154
eband,283,1,150.02,0.01,0.001,0.0,1201.924,0.0,0,0,74,0.0,0.012,-1,0.0,0.005,1859.872,542.597,6682
eband,284,1,8.37,2.68,0.268,0.32,3.731,0.0,1,0,0,0.0,253.178,-1,0.846,1336.568,70444508.074,52902838.883,124
eband,285,1,23.79,8.64,0.864,0.36,1.157,0.2664,0,0,0,0.0,48.754,-1,1.224,248.77,2503124.526,7143594.654,128
eband,287,1,23.59,8.66,0.866,0.37,1.155,0.3108,0,0,0,0.0,71.219,-1,1.185,443.116,4170980.53,16686409.688,130
eband,288,1,24.74,8.92,0.892,0.36,1.121,0.2596,0,0,0,0.0,213.239,-1,1.365,958.035,12140463.114,71951820.874,279
eband,289,1,11.91,4.76,0.476,0.4,2.103,0.0,1,0,0,0.0,77.09,-1,0.844,1822.603,31525018.596,274384629.493,71
eband,291,1,19.8,8.24,0.824,0.42,1.214,0.3058,0,0,0,0.0,20.941,-1,0.795,649.612,695049.882,37891892.064,84
eband,292,1,22.04,8.76,0.876,0.4,1.142,0.2916,0,0,0,0.0,22.367,-1,1.042,547.446,3500345.711,21695558.251,90
eband,293,1,21.96,8.65,0.865,0.39,1.157,0.2788,0,0,0,0.0,24.182,-1,1.224,144.018,3671802.407,17582461.74,94
eband,294,1,18.81,4.37,0.437,0.23,2.288,0.0,1,0,1,0.0,944.051,-1,1.084,1348.784,1156093767.916,85959997.239,413
eband,295,1,22.23,8.86,0.886,0.4,1.129,0.2562,0,0,0,0.0,129.999,-1,1.248,1304.601,7212387.355,138946221.717,156
eband,296,1,20.66,8.45,0.845,0.41,1.184,0.2808,0,0,0,0.0,64.615,-1,1.194,1606.946,553091.849,236175493.048,106
eband,297,1,21.12,8.74,0.874,0.41,1.144,0.2917,0,0,0,0.0,73.433,-1,1.457,1261.542,68979.829,156738699.016,125
eband,298,1,24.8,8.75,0.875,0.35,1.143,0.2356,0,0,0,0.0,49.302,-1,1.497,635.217,5315627.342,62356966.164,276
eband,299,1,22.05,8.67,0.867,0.39,1.154,0.2542,0,0,0,0.0,161.172,-1,1.363,1373.263,34062153.833,144325215.699,181
